review_id,row_kind,sample_id,error_type,gpt_unit,candidate_gold_units,reference_text,input_triples,positive_sources,negative_sources,suggested_decision,human_decision,notes
P0001,gpt_prediction,Id901,missing,[S] Gilhac-et-Bruzac [P] shares border with [O] Saint-Laurent-du-Pape,,Gilhac-et-Bruzac is located in the region of Saint-Laurent-du-Pape.,"[{""subject"": ""Gilhac-et-Bruzac"", ""property"": ""shares border with"", ""object"": ""Saint-Laurent-du-Pape""}]",0,0,REVIEW_TP_OR_FP,FP,"The unit is supported, or the semantic error exists but the predicted error type/unit is not correct under the strict guideline."
P0002,gpt_prediction,Id901,extra,[S] Gilhac-et-Bruzac [P] located in the region of [O] Saint-Laurent-du-Pape,,Gilhac-et-Bruzac is located in the region of Saint-Laurent-du-Pape.,"[{""subject"": ""Gilhac-et-Bruzac"", ""property"": ""shares border with"", ""object"": ""Saint-Laurent-du-Pape""}]",0,0,REVIEW_TP_OR_FP,TP,The predicted unit and error type are supported by the text-data comparison.
P0003,gpt_prediction,Id16853,extra,[S] 2001 -- 02 Pittsburgh Penguins season [P] follows [O] 1999 -- 2000 Pittsburgh Penguins season,,The 1999-2000 Pittsburgh Penguins season was followed by the 2000-01 and 2001-02 seasons.,"[{""subject"": ""2000 -- 01 Pittsburgh Penguins season"", ""property"": ""follows"", ""object"": ""1999 -- 2000 Pittsburgh Penguins season""}, {""subject"": ""2000 -- 01 Pittsburgh Penguins season"", ""property"": ""followed by"", ""object"": ""2001 -- 02 Pittsburgh Penguins season""}]",0,0,REVIEW_TP_OR_FP,TP,The predicted unit and error type are supported by the text-data comparison.
P0004,gpt_prediction,Id16853,incorrect,[S] 2000 -- 01 Pittsburgh Penguins season [P] followed by [O] 2001 -- 02 Pittsburgh Penguins season,,The 1999-2000 Pittsburgh Penguins season was followed by the 2000-01 and 2001-02 seasons.,"[{""subject"": ""2000 -- 01 Pittsburgh Penguins season"", ""property"": ""follows"", ""object"": ""1999 -- 2000 Pittsburgh Penguins season""}, {""subject"": ""2000 -- 01 Pittsburgh Penguins season"", ""property"": ""followed by"", ""object"": ""2001 -- 02 Pittsburgh Penguins season""}]",0,0,REVIEW_TP_OR_FP,FP,"The unit is supported, or the semantic error exists but the predicted error type/unit is not correct under the strict guideline."
P0005,gpt_prediction,Id16574,extra,[S] Sydney Pride Centre [P] located in [O] Sydney,located in Sydney || [S] Sydney Pride Centre [P] location [O] Sydney || Sydney,"The Sydney Pride Centre is located in Sydney, New South Wales, Australia.","[{""subject"": ""Sydney Pride Centre"", ""property"": ""located in the administrative territorial entity"", ""object"": ""New South Wales""}, {""subject"": ""Sydney Pride Centre"", ""property"": ""country"", ""object"": ""Australia""}]",6,0,REVIEW_TP_OR_FP,TP,The predicted unit and error type are supported by the text-data comparison.
P0006,gpt_prediction,Id16854,extra,"[S] Blanzac , Haute-Vienne [P] located in same region as [O] Blanzac , Haute-Loire",,"Blanzac, Haute-Vienne is located in the same region as Blanzac, Haute-Loire, which is shared with Lavoûte-sur-Loire.","[{""subject"": ""Blanzac , Haute-Loire"", ""property"": ""different from"", ""object"": ""Blanzac , Haute-Vienne""}, {""subject"": ""Blanzac , Haute-Loire"", ""property"": ""shares border with"", ""object"": ""Lavoûte-sur-Loire""}]",0,0,REVIEW_TP_OR_FP,TP,The predicted unit and error type are supported by the text-data comparison.
P0007,gpt_prediction,Id17851,missing,[S] Jacques Godbout [P] point in time [O] 01 January 1962,[S] Jacques Godbout [P] point in time [O] 01 January 1962,Jacques Godbout won the Prix France-Québec in 1962.,"[{""subject"": ""Jacques Godbout"", ""property"": ""award received"", ""object"": ""Prix France-Québec""}, {""subject"": ""Jacques Godbout"", ""property"": ""point in time"", ""object"": ""01 January 1962""}]",1,2,REVIEW_TP_OR_FP,FP,"The unit is supported, or the semantic error exists but the predicted error type/unit is not correct under the strict guideline."
P0008,gpt_prediction,Id19290,extra,[S] Hikoneguchi Station [P] towards [O] Kibukawa Station,,"Hikone-Serikawa Station is located at the end of Hikoneguchi Station, which is in the same direction as Kibukawa Station.","[{""subject"": ""Hikone-Serikawa Station"", ""property"": ""adjacent station"", ""object"": ""Hikoneguchi Station""}, {""subject"": ""Hikone-Serikawa Station"", ""property"": ""towards"", ""object"": ""Kibukawa Station""}]",0,0,REVIEW_TP_OR_FP,TP,The predicted unit and error type are supported by the text-data comparison.
P0009,gpt_prediction,Id19212,missing,[S] Victor Kraatz [P] competed at [O] 1994 Winter Olympics in ice dance,,Victor Kraatz is a figure skater and competed at the 1994 Winter Olympics in ice dance together with Shae-Lynn Bourne.,"[{""subject"": ""Victor Kraatz"", ""property"": ""sport"", ""object"": ""Figure skating""}, {""subject"": ""Victor Kraatz"", ""property"": ""together with"", ""object"": ""Shae-Lynn Bourne""}]",0,0,REVIEW_TP_OR_FP,FP,"The unit is supported, or the semantic error exists but the predicted error type/unit is not correct under the strict guideline."
P0010,gpt_prediction,Id14340,extra,[S] Japan Academy of Film Prize for Animation of the Year 2011 [P] winner [O] Hiromasa Yonebayashi,The Japan Academy of Film Prize for Animation of the Year 2011 || The film Arrietty is about a girl from Japan. || about a girl from Japan. || The Japan Academy of Film Prize for Animation || The Japan Academy of Film Prize for Animation of the Year 2011 winner w || Academy of Film Prize for Animation || is about a girl from Japan,The Japan Academy of Film Prize for Animation of the Year 2011 winner was Hiromasa Yonebayashi. The film Arrietty is about a girl from Japan.,"[{""subject"": ""Arrietty"", ""property"": ""narrative location"", ""object"": ""Japan""}, {""subject"": ""Arrietty"", ""property"": ""winner"", ""object"": ""Hiromasa Yonebayashi""}, {""subject"": ""Arrietty"", ""property"": ""point in time"", ""object"": ""00  2011""}]",12,0,REVIEW_TP_OR_FP,TP,The predicted unit and error type are supported by the text-data comparison.
P0011,gpt_prediction,Id14340,incorrect,[S] Arrietty [P] winner [O] Hiromasa Yonebayashi,[S] Arrietty [P] narrative location [O] Japan || [S] Arrietty [P] winner [O] Hiromasa Yonebayashi || [S] Arrietty [P] point in time [O] 00  2011,The Japan Academy of Film Prize for Animation of the Year 2011 winner was Hiromasa Yonebayashi. The film Arrietty is about a girl from Japan.,"[{""subject"": ""Arrietty"", ""property"": ""narrative location"", ""object"": ""Japan""}, {""subject"": ""Arrietty"", ""property"": ""winner"", ""object"": ""Hiromasa Yonebayashi""}, {""subject"": ""Arrietty"", ""property"": ""point in time"", ""object"": ""00  2011""}]",12,2,REVIEW_TP_OR_FP,TP,The predicted unit and error type are supported by the text-data comparison.
P0012,gpt_prediction,Id14383,incorrect,[S] Kristi Addis [P] point in time [O] 00 1987,[S] Kristi Addis [P] statement is subject of [O] Miss Teen USA 1987 || [S] Kristi Addis [P] victory [O] Miss Teen USA || [S] Kristi Addis [P] point in time [O] 00  1987,Kristi Addis was Miss Teen USA 1987.,"[{""subject"": ""Kristi Addis"", ""property"": ""victory"", ""object"": ""Miss Teen USA""}, {""subject"": ""Kristi Addis"", ""property"": ""point in time"", ""object"": ""00  1987""}, {""subject"": ""Kristi Addis"", ""property"": ""statement is subject of"", ""object"": ""Miss Teen USA 1987""}]",4,5,REVIEW_TP_OR_FP,FP,"The unit is supported, or the semantic error exists but the predicted error type/unit is not correct under the strict guideline."
P0013,gpt_prediction,Id13405,incorrect,[S] Special Reserve Long Service and Good Conduct Medal [P] next higher rank [O] Efficiency Medal,[S] Special Reserve Long Service and Good Conduct Medal [P] next lower rank [O] Decoration for Officers of the Royal Naval Volunteer Reserve,The Special Reserve Long Service and Good Conduct Medal was created in 1908. It is a medal that is next to the Decoration for Officers of the Royal Naval Volunteer Reserve and below the Efficiency Medal.,"[{""subject"": ""Special Reserve Long Service and Good Conduct Medal"", ""property"": ""inception"", ""object"": ""00  1908""}, {""subject"": ""Special Reserve Long Service and Good Conduct Medal"", ""property"": ""next higher rank"", ""object"": ""Efficiency Medal""}, {""subject"": ""Special Reserve Long Service and Good Conduct Medal"", ""property"": ""next lower rank"", ""object"": ""Decoration for Officers of the Royal Naval Volunteer Reserve""}]",6,0,REVIEW_TP_OR_FP,FP,"The unit is supported, or the semantic error exists but the predicted error type/unit is not correct under the strict guideline."
P0014,gpt_prediction,Id13598,missing,[S] Ille-et-Vilaine [P] main ingredient [O] Cider,,"Cider is a main ingredient of Ille-et-Vilaine, it is produced there between 1882 and 1883.","[{""subject"": ""Ille-et-Vilaine"", ""property"": ""production statistics"", ""object"": ""Cider""}, {""subject"": ""Ille-et-Vilaine"", ""property"": ""point in time"", ""object"": ""00  1882""}, {""subject"": ""Ille-et-Vilaine"", ""property"": ""point in time"", ""object"": ""00  1883""}]",0,0,REVIEW_TP_OR_FP,FP,"The unit is supported, or the semantic error exists but the predicted error type/unit is not correct under the strict guideline."
P0015,gpt_prediction,Id13598,incorrect,[S] Ille-et-Vilaine [P] point in time [O] 00 1882,[S] Ille-et-Vilaine [P] production statistics [O] Cider || [S] Ille-et-Vilaine [P] point in time [O] 00  1882 || [S] Ille-et-Vilaine [P] point in time [O] 00  1883,"Cider is a main ingredient of Ille-et-Vilaine, it is produced there between 1882 and 1883.","[{""subject"": ""Ille-et-Vilaine"", ""property"": ""production statistics"", ""object"": ""Cider""}, {""subject"": ""Ille-et-Vilaine"", ""property"": ""point in time"", ""object"": ""00  1882""}, {""subject"": ""Ille-et-Vilaine"", ""property"": ""point in time"", ""object"": ""00  1883""}]",18,4,REVIEW_TP_OR_FP,FP,"The unit is supported, or the semantic error exists but the predicted error type/unit is not correct under the strict guideline."
P0016,gpt_prediction,Id13598,incorrect,[S] Ille-et-Vilaine [P] point in time [O] 00 1883,[S] Ille-et-Vilaine [P] production statistics [O] Cider || [S] Ille-et-Vilaine [P] point in time [O] 00  1882 || [S] Ille-et-Vilaine [P] point in time [O] 00  1883,"Cider is a main ingredient of Ille-et-Vilaine, it is produced there between 1882 and 1883.","[{""subject"": ""Ille-et-Vilaine"", ""property"": ""production statistics"", ""object"": ""Cider""}, {""subject"": ""Ille-et-Vilaine"", ""property"": ""point in time"", ""object"": ""00  1882""}, {""subject"": ""Ille-et-Vilaine"", ""property"": ""point in time"", ""object"": ""00  1883""}]",18,2,REVIEW_TP_OR_FP,FP,"The unit is supported, or the semantic error exists but the predicted error type/unit is not correct under the strict guideline."
P0017,gpt_prediction,Id20237,missing,[S] Shut Up and Dance : Mixes [P] genre [O] Remix,[S] Shut Up and Dance : Mixes [P] different from [O] Shut Up and Dance ( duo ) || [S] Shut Up and Dance : Mixes [P] followed by [O] Spellbound ( Paula Abdul album ),Shut Up and Dance: Mixes is a remix of Shut Up and Dance by Paula Abdul. The album is written in English and was followed by Spellbound.,"[{""subject"": ""Shut Up and Dance : Mixes"", ""property"": ""genre"", ""object"": ""Remix""}, {""subject"": ""Shut Up and Dance : Mixes"", ""property"": ""language of work or name"", ""object"": ""English language""}, {""subject"": ""Shut Up and Dance : Mixes"", ""property"": ""different from"", ""object"": ""Shut Up and Dance ( duo )""}, {""subject"": ""Shut Up and Dance : Mixes"", ""property"": ""followed by"", ""object"": ""Spellbound ( Paula Abdul album )""}]",7,0,REVIEW_TP_OR_FP,FP,"The unit is supported, or the semantic error exists but the predicted error type/unit is not correct under the strict guideline."
P0018,gpt_prediction,Id20237,extra,[S] Shut Up and Dance : Mixes [P] remix of [O] Shut Up and Dance,by Paula Abdul,Shut Up and Dance: Mixes is a remix of Shut Up and Dance by Paula Abdul. The album is written in English and was followed by Spellbound.,"[{""subject"": ""Shut Up and Dance : Mixes"", ""property"": ""genre"", ""object"": ""Remix""}, {""subject"": ""Shut Up and Dance : Mixes"", ""property"": ""language of work or name"", ""object"": ""English language""}, {""subject"": ""Shut Up and Dance : Mixes"", ""property"": ""different from"", ""object"": ""Shut Up and Dance ( duo )""}, {""subject"": ""Shut Up and Dance : Mixes"", ""property"": ""followed by"", ""object"": ""Spellbound ( Paula Abdul album )""}]",2,0,REVIEW_TP_OR_FP,TP,The predicted unit and error type are supported by the text-data comparison.
P0019,gpt_prediction,Id20805,incorrect,[S] Golden Delicious [P] approved by [O] US Apple Association,[S] Golden Delicious [P] followed by [O] Granny Smith || [S] Golden Delicious [P] approved by [O] US Apple Association || [S] Golden Delicious [P] criterion used [O] total produced || [S] Golden Delicious [P] country [O] United States || [S] Granny Smith [P] country [O] United States,"The US Apple Association approved Granny Smith, which is the fruit that preceded the Golden Delicious. The Granny Smith is from the United States and the total production of Granny Smith is the criterion used to determine its quality.","[{""subject"": ""Golden Delicious"", ""property"": ""followed by"", ""object"": ""Granny Smith""}, {""subject"": ""Golden Delicious"", ""property"": ""approved by"", ""object"": ""US Apple Association""}, {""subject"": ""Golden Delicious"", ""property"": ""criterion used"", ""object"": ""total produced""}, {""subject"": ""Golden Delicious"", ""property"": ""country"", ""object"": ""United States""}]",25,1,REVIEW_TP_OR_FP,TP,The predicted unit and error type are supported by the text-data comparison.
P0020,gpt_prediction,Id21051,missing,[S] Road Runner ( video game ) [P] platform [O] Commodore 64,,"The Atari 2600, Amstrad CPC and Commodore 64 are all platforms for the video game called Road Runner. The latter of which uses the joystick as an input device. The game is distributed via ROM cartridge.","[{""subject"": ""Road Runner ( video game )"", ""property"": ""input method"", ""object"": ""Joystick""}, {""subject"": ""Road Runner ( video game )"", ""property"": ""platform"", ""object"": ""Atari 2600""}, {""subject"": ""Road Runner ( video game )"", ""property"": ""distribution format"", ""object"": ""ROM cartridge""}, {""subject"": ""Road Runner ( video game )"", ""property"": ""platform"", ""object"": ""Amstrad CPC""}]",0,0,REVIEW_TP_OR_FP,FP,"The unit is supported, or the semantic error exists but the predicted error type/unit is not correct under the strict guideline."
P0021,gpt_prediction,Id21051,incorrect,[S] Road Runner ( video game ) [P] input method [O] Joystick,,"The Atari 2600, Amstrad CPC and Commodore 64 are all platforms for the video game called Road Runner. The latter of which uses the joystick as an input device. The game is distributed via ROM cartridge.","[{""subject"": ""Road Runner ( video game )"", ""property"": ""input method"", ""object"": ""Joystick""}, {""subject"": ""Road Runner ( video game )"", ""property"": ""platform"", ""object"": ""Atari 2600""}, {""subject"": ""Road Runner ( video game )"", ""property"": ""distribution format"", ""object"": ""ROM cartridge""}, {""subject"": ""Road Runner ( video game )"", ""property"": ""platform"", ""object"": ""Amstrad CPC""}]",0,0,REVIEW_TP_OR_FP,FP,"The unit is supported, or the semantic error exists but the predicted error type/unit is not correct under the strict guideline."
P0022,gpt_prediction,Id20238,incorrect,[S] Danny Hillis [P] archives at [O] Computer History Museum,[S] Danny Hillis [P] archives at [O] Computer History Museum,Doctor of Philosophy graduate Danny Hillis is a member of the Association for Computing Machinery. His works can be found in the Museum of Modern Art and the Computer History Museum.,"[{""subject"": ""Danny Hillis"", ""property"": ""academic degree"", ""object"": ""Doctor of Philosophy""}, {""subject"": ""Danny Hillis"", ""property"": ""member of"", ""object"": ""Association for Computing Machinery""}, {""subject"": ""Danny Hillis"", ""property"": ""has works in the collection"", ""object"": ""Museum of Modern Art""}, {""subject"": ""Danny Hillis"", ""property"": ""archives at"", ""object"": ""Computer History Museum""}]",2,6,REVIEW_TP_OR_FP,TP,The predicted unit and error type are supported by the text-data comparison.
P0023,gpt_prediction,Id20592,extra,"[S] Schuyler County , Missouri [P] also known as [O] Schuyler County , New York",,"Schuyler County, Missouri (capital Lancaster) is bordered by Davis County in Iowa. The county is also known as Schuyler County, New York.","[{""subject"": ""Schuyler County , Missouri"", ""property"": ""shares border with"", ""object"": ""Davis County , Iowa""}, {""subject"": ""Schuyler County , Missouri"", ""property"": ""capital"", ""object"": ""Lancaster , Missouri""}, {""subject"": ""Schuyler County , Missouri"", ""property"": ""contains administrative territorial entity"", ""object"": ""Lancaster , Missouri""}, {""subject"": ""Schuyler County , Missouri"", ""property"": ""different from"", ""object"": ""Schuyler County , New York""}]",0,0,REVIEW_TP_OR_FP,TP,The predicted unit and error type are supported by the text-data comparison.
P0024,gpt_prediction,Id20109,incorrect,"[S] Teenage Mutant Ninja Turtles ( 1987 TV series , season 7 ) [P] narrative location [O] Florence","[S] Teenage Mutant Ninja Turtles ( 1987 TV series , season 7 ) [P] narrative location [O] Florence || [S] Teenage Mutant Ninja Turtles ( 1987 TV series , season 7 ) [P] located in the administrative territorial entity [O] Tuscany || [S] Teenage Mutant Ninja Turtles ( 1987 TV series , season 7 ) [P] country [O] Italy || [S] Teenage Mutant Ninja Turtles ( 1987 TV series , season 7 ) [P] narrative location [O] Florence 1","The seventh season of the Teenage Mutant Ninja Turtles TV series aired in Florence, Tuscany, Italy.","[{""subject"": ""Teenage Mutant Ninja Turtles ( 1987 TV series , season 7 )"", ""property"": ""narrative location"", ""object"": ""Florence""}, {""subject"": ""Teenage Mutant Ninja Turtles ( 1987 TV series , season 7 )"", ""property"": ""located on astronomical location"", ""object"": ""Earth""}, {""subject"": ""Teenage Mutant Ninja Turtles ( 1987 TV series , season 7 )"", ""property"": ""located in the administrative territorial entity"", ""object"": ""Tuscany""}, {""subject"": ""Teenage Mutant Ninja Turtles ( 1987 TV series , season 7 )"", ""property"": ""country"", ""object"": ""Italy""}]",13,1,REVIEW_TP_OR_FP,TP,The predicted unit and error type are supported by the text-data comparison.
P0025,gpt_prediction,Id14963,missing,[S] Seren Gomer [P] born in [O] Swansea,[S] Seren Gomer [P] place of publication [O] Swansea,"Seren Gomer, who was born in Swansea, was the editor of Henry Charles. He was also the editor of David Davies Evans, Samuel Evans and Joseph Harris.","[{""subject"": ""Seren Gomer"", ""property"": ""editor"", ""object"": ""Samuel Evans""}, {""subject"": ""Seren Gomer"", ""property"": ""place of publication"", ""object"": ""Swansea""}, {""subject"": ""Seren Gomer"", ""property"": ""editor"", ""object"": ""David Davies Evans""}, {""subject"": ""Seren Gomer"", ""property"": ""contributor(s) to the creative work or subject"", ""object"": ""Henry Charles""}, {""subject"": ""Seren Gomer"", ""property"": ""editor"", ""object"": ""Joseph Harris ( Gomer )""}]",1,0,REVIEW_TP_OR_FP,FP,"The unit is supported, or the semantic error exists but the predicted error type/unit is not correct under the strict guideline."
P0026,gpt_prediction,Id15753,missing,[S] Broye [P] tributary [O] Lake Neuchâtel,[S] Broye [P] tributary [O] Bressonnaz || [S] Broye [P] tributary [O] Mionne,"Bressonnaz, Mionne and Broye - all tributaries of Lake Neuchâtel - all flow into Lake Morat. The Broye is located in the Canton of Bern.","[{""subject"": ""Broye"", ""property"": ""tributary"", ""object"": ""Bressonnaz""}, {""subject"": ""Broye"", ""property"": ""mouth of the watercourse"", ""object"": ""Lake Neuchâtel""}, {""subject"": ""Broye"", ""property"": ""located in the administrative territorial entity"", ""object"": ""Canton of Bern""}, {""subject"": ""Broye"", ""property"": ""tributary"", ""object"": ""Mionne""}, {""subject"": ""Broye"", ""property"": ""lakes on river"", ""object"": ""Lake Morat""}]",2,0,REVIEW_TP_OR_FP,FP,"The unit is supported, or the semantic error exists but the predicted error type/unit is not correct under the strict guideline."
P0027,gpt_prediction,Id15753,extra,[S] Bressonnaz [P] tributary [O] Lake Neuchâtel,,"Bressonnaz, Mionne and Broye - all tributaries of Lake Neuchâtel - all flow into Lake Morat. The Broye is located in the Canton of Bern.","[{""subject"": ""Broye"", ""property"": ""tributary"", ""object"": ""Bressonnaz""}, {""subject"": ""Broye"", ""property"": ""mouth of the watercourse"", ""object"": ""Lake Neuchâtel""}, {""subject"": ""Broye"", ""property"": ""located in the administrative territorial entity"", ""object"": ""Canton of Bern""}, {""subject"": ""Broye"", ""property"": ""tributary"", ""object"": ""Mionne""}, {""subject"": ""Broye"", ""property"": ""lakes on river"", ""object"": ""Lake Morat""}]",0,0,REVIEW_TP_OR_FP,TP,The predicted unit and error type are supported by the text-data comparison.
P0028,gpt_prediction,Id15753,extra,[S] Mionne [P] tributary [O] Lake Neuchâtel,,"Bressonnaz, Mionne and Broye - all tributaries of Lake Neuchâtel - all flow into Lake Morat. The Broye is located in the Canton of Bern.","[{""subject"": ""Broye"", ""property"": ""tributary"", ""object"": ""Bressonnaz""}, {""subject"": ""Broye"", ""property"": ""mouth of the watercourse"", ""object"": ""Lake Neuchâtel""}, {""subject"": ""Broye"", ""property"": ""located in the administrative territorial entity"", ""object"": ""Canton of Bern""}, {""subject"": ""Broye"", ""property"": ""tributary"", ""object"": ""Mionne""}, {""subject"": ""Broye"", ""property"": ""lakes on river"", ""object"": ""Lake Morat""}]",0,0,REVIEW_TP_OR_FP,TP,The predicted unit and error type are supported by the text-data comparison.
P0029,gpt_prediction,Id15753,extra,[S] Bressonnaz [P] flow into [O] Lake Morat,,"Bressonnaz, Mionne and Broye - all tributaries of Lake Neuchâtel - all flow into Lake Morat. The Broye is located in the Canton of Bern.","[{""subject"": ""Broye"", ""property"": ""tributary"", ""object"": ""Bressonnaz""}, {""subject"": ""Broye"", ""property"": ""mouth of the watercourse"", ""object"": ""Lake Neuchâtel""}, {""subject"": ""Broye"", ""property"": ""located in the administrative territorial entity"", ""object"": ""Canton of Bern""}, {""subject"": ""Broye"", ""property"": ""tributary"", ""object"": ""Mionne""}, {""subject"": ""Broye"", ""property"": ""lakes on river"", ""object"": ""Lake Morat""}]",0,0,REVIEW_TP_OR_FP,TP,The predicted unit and error type are supported by the text-data comparison.
P0030,gpt_prediction,Id15753,extra,[S] Mionne [P] flow into [O] Lake Morat,,"Bressonnaz, Mionne and Broye - all tributaries of Lake Neuchâtel - all flow into Lake Morat. The Broye is located in the Canton of Bern.","[{""subject"": ""Broye"", ""property"": ""tributary"", ""object"": ""Bressonnaz""}, {""subject"": ""Broye"", ""property"": ""mouth of the watercourse"", ""object"": ""Lake Neuchâtel""}, {""subject"": ""Broye"", ""property"": ""located in the administrative territorial entity"", ""object"": ""Canton of Bern""}, {""subject"": ""Broye"", ""property"": ""tributary"", ""object"": ""Mionne""}, {""subject"": ""Broye"", ""property"": ""lakes on river"", ""object"": ""Lake Morat""}]",0,0,REVIEW_TP_OR_FP,TP,The predicted unit and error type are supported by the text-data comparison.
P0031,gpt_prediction,Id15565,missing,"[S] Mark Aldanov [P] languages spoken, written or signed [O] Russian language","[S] Mark Aldanov [P] genres [O] historical novel || [S] Mark Aldanov [P] languages spoken, written or signed [O] Russian language || [S] Mark Aldanov [P] writing language [O] Russian language",Mark Aldanov's (given name Mark) genre is the historical novel. His language is Russian and he was nominated for the Nobel Prize in Literature.,"[{""subject"": ""Mark Aldanov"", ""property"": ""languages spoken, written or signed"", ""object"": ""Russian language""}, {""subject"": ""Mark Aldanov"", ""property"": ""writing language"", ""object"": ""Russian language""}, {""subject"": ""Mark Aldanov"", ""property"": ""given name"", ""object"": ""Mark ( given name )""}, {""subject"": ""Mark Aldanov"", ""property"": ""genre"", ""object"": ""historical novel""}, {""subject"": ""Mark Aldanov"", ""property"": ""nominated for"", ""object"": ""Nobel Prize in Literature""}]",3,1,REVIEW_TP_OR_FP,FP,"The unit is supported, or the semantic error exists but the predicted error type/unit is not correct under the strict guideline."
P0032,gpt_prediction,Id15137,missing,[S] François Hus [P] sibling [O] Auguste Hus I,[S] François Hus [P] child [O] Auguste Hus I,Hus is a member of the Hus family. His wife is Francoise Hus and he was a member of the Hus family. Hus's siblings include Barthélemy Hus-Desforges and Auguste Hus I. Jean-Baptiste Hus is one of his children.,"[{""subject"": ""François Hus"", ""property"": ""sibling"", ""object"": ""Barthélemy Hus-Desforges""}, {""subject"": ""François Hus"", ""property"": ""child"", ""object"": ""Auguste Hus I""}, {""subject"": ""François Hus"", ""property"": ""spouse"", ""object"": ""Françoise Hus""}, {""subject"": ""François Hus"", ""property"": ""child"", ""object"": ""Jean-Baptiste Hus""}, {""subject"": ""François Hus"", ""property"": ""family"", ""object"": ""Hus family""}]",1,0,REVIEW_TP_OR_FP,FP,"The unit is supported, or the semantic error exists but the predicted error type/unit is not correct under the strict guideline."
P0033,gpt_prediction,Id15267,missing,[S] Otto Schuhart [P] student at [O] Mürwik Naval School,,"Otto Schuhart, a German speaker, was the commander of the German submarine U-8 in 1935. He was a captain at sea and Fregattenkapitän. He was a former student at the Mürwik Naval School.","[{""subject"": ""Otto Schuhart"", ""property"": ""commander of"", ""object"": ""Mürwik Naval School""}, {""subject"": ""Otto Schuhart"", ""property"": ""military rank"", ""object"": ""Fregattenkapitän""}, {""subject"": ""Otto Schuhart"", ""property"": ""commander of"", ""object"": ""German submarine U-8 ( 1935 )""}, {""subject"": ""Otto Schuhart"", ""property"": ""military rank"", ""object"": ""Captain at sea""}, {""subject"": ""Otto Schuhart"", ""property"": ""languages spoken, written or signed"", ""object"": ""German language""}]",0,0,REVIEW_TP_OR_FP,FP,"The unit is supported, or the semantic error exists but the predicted error type/unit is not correct under the strict guideline."
P0034,gpt_prediction,Id8498,missing,[S] Magnus Carlsen [P] country for sport [O] Norway,[S] Magnus Carlsen [P] residence [O] Madrid,"Magnus Carlsen lives in Madrid, Norway. He played at the World Chess Championship 2016 and the Tata Steel Chess Tournament. He won the Chess Oscar.","[{""subject"": ""Magnus Carlsen"", ""property"": ""residence"", ""object"": ""Madrid""}, {""subject"": ""Magnus Carlsen"", ""property"": ""country for sport"", ""object"": ""Norway""}, {""subject"": ""Magnus Carlsen"", ""property"": ""participant of"", ""object"": ""World Chess Championship 2016""}, {""subject"": ""Magnus Carlsen"", ""property"": ""award received"", ""object"": ""Chess Oscar""}, {""subject"": ""Magnus Carlsen"", ""property"": ""participant of"", ""object"": ""Tata Steel Chess Tournament""}]",1,0,REVIEW_TP_OR_FP,FP,"The unit is supported, or the semantic error exists but the predicted error type/unit is not correct under the strict guideline."
P0035,gpt_prediction,Id8498,extra,[S] Magnus Carlsen [P] residence [O] Norway,,"Magnus Carlsen lives in Madrid, Norway. He played at the World Chess Championship 2016 and the Tata Steel Chess Tournament. He won the Chess Oscar.","[{""subject"": ""Magnus Carlsen"", ""property"": ""residence"", ""object"": ""Madrid""}, {""subject"": ""Magnus Carlsen"", ""property"": ""country for sport"", ""object"": ""Norway""}, {""subject"": ""Magnus Carlsen"", ""property"": ""participant of"", ""object"": ""World Chess Championship 2016""}, {""subject"": ""Magnus Carlsen"", ""property"": ""award received"", ""object"": ""Chess Oscar""}, {""subject"": ""Magnus Carlsen"", ""property"": ""participant of"", ""object"": ""Tata Steel Chess Tournament""}]",0,0,REVIEW_TP_OR_FP,TP,The predicted unit and error type are supported by the text-data comparison.
P0036,gpt_prediction,Id8323,missing,[S] John Britton ( antiquary ) [P] sex or gender [O] male,[S] John Britton ( antiquary ) [P] sex or gender [O] male,"John Britton was born in Kington St. Michael, Kingdom of Great Britain. He was a member of the Society of Antiquaries of London and was awarded the award of Fellow of the Society of Antiquaries. He was also a member of the United Kingdom of Great Britain and Ireland.","[{""subject"": ""John Britton ( antiquary )"", ""property"": ""sex or gender"", ""object"": ""male""}, {""subject"": ""John Britton ( antiquary )"", ""property"": ""country of citizenship"", ""object"": ""United Kingdom of Great Britain and Ireland""}, {""subject"": ""John Britton ( antiquary )"", ""property"": ""place of birth"", ""object"": ""Kington St Michael""}, {""subject"": ""John Britton ( antiquary )"", ""property"": ""country of citizenship"", ""object"": ""Kingdom of Great Britain""}, {""subject"": ""John Britton ( antiquary )"", ""property"": ""award received"", ""object"": ""Fellow of the Society of Antiquaries""}, {""subject"": ""John Britton ( antiquary )"", ""property"": ""member of"", ""object"": ""Society of Antiquaries of London""}]",2,2,REVIEW_TP_OR_FP,FP,"The unit is supported, or the semantic error exists but the predicted error type/unit is not correct under the strict guideline."
P0037,gpt_prediction,Id8323,missing,[S] John Britton ( antiquary ) [P] country of citizenship [O] United Kingdom of Great Britain and Ireland,[S] John Britton ( antiquary ) [P] sex or gender [O] male,"John Britton was born in Kington St. Michael, Kingdom of Great Britain. He was a member of the Society of Antiquaries of London and was awarded the award of Fellow of the Society of Antiquaries. He was also a member of the United Kingdom of Great Britain and Ireland.","[{""subject"": ""John Britton ( antiquary )"", ""property"": ""sex or gender"", ""object"": ""male""}, {""subject"": ""John Britton ( antiquary )"", ""property"": ""country of citizenship"", ""object"": ""United Kingdom of Great Britain and Ireland""}, {""subject"": ""John Britton ( antiquary )"", ""property"": ""place of birth"", ""object"": ""Kington St Michael""}, {""subject"": ""John Britton ( antiquary )"", ""property"": ""country of citizenship"", ""object"": ""Kingdom of Great Britain""}, {""subject"": ""John Britton ( antiquary )"", ""property"": ""award received"", ""object"": ""Fellow of the Society of Antiquaries""}, {""subject"": ""John Britton ( antiquary )"", ""property"": ""member of"", ""object"": ""Society of Antiquaries of London""}]",2,0,REVIEW_TP_OR_FP,FP,"The unit is supported, or the semantic error exists but the predicted error type/unit is not correct under the strict guideline."
P0038,gpt_prediction,Id8323,missing,[S] John Britton ( antiquary ) [P] country of citizenship [O] Kingdom of Great Britain,[S] John Britton ( antiquary ) [P] sex or gender [O] male,"John Britton was born in Kington St. Michael, Kingdom of Great Britain. He was a member of the Society of Antiquaries of London and was awarded the award of Fellow of the Society of Antiquaries. He was also a member of the United Kingdom of Great Britain and Ireland.","[{""subject"": ""John Britton ( antiquary )"", ""property"": ""sex or gender"", ""object"": ""male""}, {""subject"": ""John Britton ( antiquary )"", ""property"": ""country of citizenship"", ""object"": ""United Kingdom of Great Britain and Ireland""}, {""subject"": ""John Britton ( antiquary )"", ""property"": ""place of birth"", ""object"": ""Kington St Michael""}, {""subject"": ""John Britton ( antiquary )"", ""property"": ""country of citizenship"", ""object"": ""Kingdom of Great Britain""}, {""subject"": ""John Britton ( antiquary )"", ""property"": ""award received"", ""object"": ""Fellow of the Society of Antiquaries""}, {""subject"": ""John Britton ( antiquary )"", ""property"": ""member of"", ""object"": ""Society of Antiquaries of London""}]",2,0,REVIEW_TP_OR_FP,FP,"The unit is supported, or the semantic error exists but the predicted error type/unit is not correct under the strict guideline."
P0039,gpt_prediction,Id8323,extra,He was also a member of the United Kingdom of Great Britain and Ireland,,"John Britton was born in Kington St. Michael, Kingdom of Great Britain. He was a member of the Society of Antiquaries of London and was awarded the award of Fellow of the Society of Antiquaries. He was also a member of the United Kingdom of Great Britain and Ireland.","[{""subject"": ""John Britton ( antiquary )"", ""property"": ""sex or gender"", ""object"": ""male""}, {""subject"": ""John Britton ( antiquary )"", ""property"": ""country of citizenship"", ""object"": ""United Kingdom of Great Britain and Ireland""}, {""subject"": ""John Britton ( antiquary )"", ""property"": ""place of birth"", ""object"": ""Kington St Michael""}, {""subject"": ""John Britton ( antiquary )"", ""property"": ""country of citizenship"", ""object"": ""Kingdom of Great Britain""}, {""subject"": ""John Britton ( antiquary )"", ""property"": ""award received"", ""object"": ""Fellow of the Society of Antiquaries""}, {""subject"": ""John Britton ( antiquary )"", ""property"": ""member of"", ""object"": ""Society of Antiquaries of London""}]",0,0,REVIEW_TP_OR_FP,TP,The predicted unit and error type are supported by the text-data comparison.
P0040,gpt_prediction,Id8891,extra,[S] Joyce Redman [P] statement is subject of [O] 36th Academy Awards,in 1963 || at the 38th Academy Awards in 1963,Joyce Redman was nominated for the Academy Award for Best Supporting Actress at the 36th Academy Awards in 1963. She has also won the award at the 38th Academy Awards in 1963 for her work in the film Tom Jones. She also starred in the 1965 British film Othello.,"[{""subject"": ""Joyce Redman"", ""property"": ""nominated for"", ""object"": ""Academy Award for Best Supporting Actress""}, {""subject"": ""Joyce Redman"", ""property"": ""statement is subject of"", ""object"": ""36th Academy Awards""}, {""subject"": ""Joyce Redman"", ""property"": ""statement is subject of"", ""object"": ""38th Academy Awards""}, {""subject"": ""Joyce Redman"", ""property"": ""for work"", ""object"": ""Othello ( 1965 British film )""}, {""subject"": ""Joyce Redman"", ""property"": ""for work"", ""object"": ""Tom Jones ( 1963 film )""}, {""subject"": ""Joyce Redman"", ""property"": ""point in time"", ""object"": ""01 January 1963""}]",2,0,REVIEW_TP_OR_FP,FP,"The unit is supported, or the semantic error exists but the predicted error type/unit is not correct under the strict guideline."
P0041,gpt_prediction,Id8891,extra,[S] Joyce Redman [P] statement is subject of [O] 38th Academy Awards,in 1963 || at the 38th Academy Awards in 1963,Joyce Redman was nominated for the Academy Award for Best Supporting Actress at the 36th Academy Awards in 1963. She has also won the award at the 38th Academy Awards in 1963 for her work in the film Tom Jones. She also starred in the 1965 British film Othello.,"[{""subject"": ""Joyce Redman"", ""property"": ""nominated for"", ""object"": ""Academy Award for Best Supporting Actress""}, {""subject"": ""Joyce Redman"", ""property"": ""statement is subject of"", ""object"": ""36th Academy Awards""}, {""subject"": ""Joyce Redman"", ""property"": ""statement is subject of"", ""object"": ""38th Academy Awards""}, {""subject"": ""Joyce Redman"", ""property"": ""for work"", ""object"": ""Othello ( 1965 British film )""}, {""subject"": ""Joyce Redman"", ""property"": ""for work"", ""object"": ""Tom Jones ( 1963 film )""}, {""subject"": ""Joyce Redman"", ""property"": ""point in time"", ""object"": ""01 January 1963""}]",2,0,REVIEW_TP_OR_FP,FP,"The unit is supported, or the semantic error exists but the predicted error type/unit is not correct under the strict guideline."
P0042,gpt_prediction,Id8891,extra,[S] Joyce Redman [P] point in time [O] 01 January 1963,in 1963 || at the 38th Academy Awards in 1963,Joyce Redman was nominated for the Academy Award for Best Supporting Actress at the 36th Academy Awards in 1963. She has also won the award at the 38th Academy Awards in 1963 for her work in the film Tom Jones. She also starred in the 1965 British film Othello.,"[{""subject"": ""Joyce Redman"", ""property"": ""nominated for"", ""object"": ""Academy Award for Best Supporting Actress""}, {""subject"": ""Joyce Redman"", ""property"": ""statement is subject of"", ""object"": ""36th Academy Awards""}, {""subject"": ""Joyce Redman"", ""property"": ""statement is subject of"", ""object"": ""38th Academy Awards""}, {""subject"": ""Joyce Redman"", ""property"": ""for work"", ""object"": ""Othello ( 1965 British film )""}, {""subject"": ""Joyce Redman"", ""property"": ""for work"", ""object"": ""Tom Jones ( 1963 film )""}, {""subject"": ""Joyce Redman"", ""property"": ""point in time"", ""object"": ""01 January 1963""}]",2,0,REVIEW_TP_OR_FP,FP,"The unit is supported, or the semantic error exists but the predicted error type/unit is not correct under the strict guideline."
P0043,gpt_prediction,Id8891,incorrect,[S] Joyce Redman [P] for work [O] Othello ( 1965 British film ),[S] Joyce Redman [P] point in time [O] 01 January 1963 || [S] Joyce Redman [P] for work [O] Othello ( 1965 British film ),Joyce Redman was nominated for the Academy Award for Best Supporting Actress at the 36th Academy Awards in 1963. She has also won the award at the 38th Academy Awards in 1963 for her work in the film Tom Jones. She also starred in the 1965 British film Othello.,"[{""subject"": ""Joyce Redman"", ""property"": ""nominated for"", ""object"": ""Academy Award for Best Supporting Actress""}, {""subject"": ""Joyce Redman"", ""property"": ""statement is subject of"", ""object"": ""36th Academy Awards""}, {""subject"": ""Joyce Redman"", ""property"": ""statement is subject of"", ""object"": ""38th Academy Awards""}, {""subject"": ""Joyce Redman"", ""property"": ""for work"", ""object"": ""Othello ( 1965 British film )""}, {""subject"": ""Joyce Redman"", ""property"": ""for work"", ""object"": ""Tom Jones ( 1963 film )""}, {""subject"": ""Joyce Redman"", ""property"": ""point in time"", ""object"": ""01 January 1963""}]",4,2,REVIEW_TP_OR_FP,TP,The predicted unit and error type are supported by the text-data comparison.
P0044,gpt_prediction,Id12611,extra,"[S] Kelsey Weems [P] height [O] 6'4""",[S] Kelsey Weems [P] height [O] 6 foot 4 inches || [S] Kelsey Weems [P] weight [O] 220.0 (pound) || [S] Kelsey Weems [P] height [O] 6 ft 4 in (193.0 mm) || [S] Kelsey Weems [P] weight [O] 220 (pounds) || [S] Kelsey Weems [P] height [O] 63 (inches),"Standing at a height of 6'4"" and weighing 220 pounds, Kelsey Weems is a point guard. He played for the NC State Wolfpack men's basketball team. He was drafted by Rockford Lightning and he competed in the 1993 Tournament of the Americas.","[{""subject"": ""Kelsey Weems"", ""property"": ""sex or gender"", ""object"": ""male""}, {""subject"": ""Kelsey Weems"", ""property"": ""participant of"", ""object"": ""1993 Tournament of the Americas""}, {""subject"": ""Kelsey Weems"", ""property"": ""sport"", ""object"": ""Basketball""}, {""subject"": ""Kelsey Weems"", ""property"": ""member of sports team"", ""object"": ""NC State Wolfpack men 's basketball""}, {""subject"": ""Kelsey Weems"", ""property"": ""position played on team / speciality"", ""object"": ""Point guard""}, {""subject"": ""Kelsey Weems"", ""property"": ""drafted by"", ""object"": ""Rockford Lightning""}]",6,0,REVIEW_TP_OR_FP,TP,The predicted unit and error type are supported by the text-data comparison.
P0045,gpt_prediction,Id12611,extra,[S] Kelsey Weems [P] weight [O] 220 pounds,[S] Kelsey Weems [P] height [O] 6 foot 4 inches || [S] Kelsey Weems [P] weight [O] 220.0 (pound) || [S] Kelsey Weems [P] height [O] 6 ft 4 in (193.0 mm) || [S] Kelsey Weems [P] weight [O] 220 (pounds) || [S] Kelsey Weems [P] height [O] 63 (inches),"Standing at a height of 6'4"" and weighing 220 pounds, Kelsey Weems is a point guard. He played for the NC State Wolfpack men's basketball team. He was drafted by Rockford Lightning and he competed in the 1993 Tournament of the Americas.","[{""subject"": ""Kelsey Weems"", ""property"": ""sex or gender"", ""object"": ""male""}, {""subject"": ""Kelsey Weems"", ""property"": ""participant of"", ""object"": ""1993 Tournament of the Americas""}, {""subject"": ""Kelsey Weems"", ""property"": ""sport"", ""object"": ""Basketball""}, {""subject"": ""Kelsey Weems"", ""property"": ""member of sports team"", ""object"": ""NC State Wolfpack men 's basketball""}, {""subject"": ""Kelsey Weems"", ""property"": ""position played on team / speciality"", ""object"": ""Point guard""}, {""subject"": ""Kelsey Weems"", ""property"": ""drafted by"", ""object"": ""Rockford Lightning""}]",6,0,REVIEW_TP_OR_FP,TP,The predicted unit and error type are supported by the text-data comparison.
P0046,gpt_prediction,Id12076,incorrect,[S] German submarine U-844 [P] significant event [O] sinking,[S] German submarine U-844 [P] use [O] deployment,The German submarine U-844 is made by the AG Weser and has a home port in Lorient. Its main use is for education and it has been sinking and deployed. Its launching ceremony is a significant event.,"[{""subject"": ""German submarine U-844"", ""property"": ""home port"", ""object"": ""Lorient""}, {""subject"": ""German submarine U-844"", ""property"": ""manufacturer"", ""object"": ""AG Weser""}, {""subject"": ""German submarine U-844"", ""property"": ""use"", ""object"": ""Education""}, {""subject"": ""German submarine U-844"", ""property"": ""significant event"", ""object"": ""sinking""}, {""subject"": ""German submarine U-844"", ""property"": ""use"", ""object"": ""deployment""}, {""subject"": ""German submarine U-844"", ""property"": ""significant event"", ""object"": ""Ceremonial ship launching""}]",1,0,REVIEW_TP_OR_FP,FP,"The unit is supported, or the semantic error exists but the predicted error type/unit is not correct under the strict guideline."
P0047,gpt_prediction,Id11752,missing,[S] Peter Sternad [P] sex or gender [O] male,[S] Peter Sternad [P] sex or gender [O] male,Peter Sternad was born in Villach in 1946. He is an Austrian track and field athlete who competed in the 1976 Summer Olympics in the men's 100 metres.,"[{""subject"": ""Peter Sternad"", ""property"": ""occupation"", ""object"": ""athletics competitor""}, {""subject"": ""Peter Sternad"", ""property"": ""date of birth"", ""object"": ""01 January 1946""}, {""subject"": ""Peter Sternad"", ""property"": ""place of birth"", ""object"": ""Villach""}, {""subject"": ""Peter Sternad"", ""property"": ""country of citizenship"", ""object"": ""Austria""}, {""subject"": ""Peter Sternad"", ""property"": ""sex or gender"", ""object"": ""male""}, {""subject"": ""Peter Sternad"", ""property"": ""participant of"", ""object"": ""1976 Summer Olympics""}]",2,1,REVIEW_TP_OR_FP,FP,"The unit is supported, or the semantic error exists but the predicted error type/unit is not correct under the strict guideline."
P0048,gpt_prediction,Id11752,extra,[S] Peter Sternad [P] competed in event [O] men's 100 metres,[S] Peter Sternad [P] event [O] 100 metres || men's 100 metres || in the men's 100 metres,Peter Sternad was born in Villach in 1946. He is an Austrian track and field athlete who competed in the 1976 Summer Olympics in the men's 100 metres.,"[{""subject"": ""Peter Sternad"", ""property"": ""occupation"", ""object"": ""athletics competitor""}, {""subject"": ""Peter Sternad"", ""property"": ""date of birth"", ""object"": ""01 January 1946""}, {""subject"": ""Peter Sternad"", ""property"": ""place of birth"", ""object"": ""Villach""}, {""subject"": ""Peter Sternad"", ""property"": ""country of citizenship"", ""object"": ""Austria""}, {""subject"": ""Peter Sternad"", ""property"": ""sex or gender"", ""object"": ""male""}, {""subject"": ""Peter Sternad"", ""property"": ""participant of"", ""object"": ""1976 Summer Olympics""}]",3,0,REVIEW_TP_OR_FP,TP,The predicted unit and error type are supported by the text-data comparison.
P0049,gpt_prediction,Id9088,missing,[S] Clifton Ko [P] given name [O] Clifton ( given name ),[S] Clifton Ko [P] family name [O] Gao ( surname ) || [S] Clifton Ko [P] given name [O] Clifton ( given name ),"Clifton Ko, a male actor, was educated at Kwun Tong Maryknoll College. He was awarded the Medal of Honour in Hong Kong. His surname is Clifton Ko.","[{""subject"": ""Clifton Ko"", ""property"": ""family name"", ""object"": ""Gao ( surname )""}, {""subject"": ""Clifton Ko"", ""property"": ""occupation"", ""object"": ""Actor""}, {""subject"": ""Clifton Ko"", ""property"": ""sex or gender"", ""object"": ""male""}, {""subject"": ""Clifton Ko"", ""property"": ""educated at"", ""object"": ""Kwun Tong Maryknoll College""}, {""subject"": ""Clifton Ko"", ""property"": ""award received"", ""object"": ""Medal of Honour ( Hong Kong )""}, {""subject"": ""Clifton Ko"", ""property"": ""given name"", ""object"": ""Clifton ( given name )""}]",3,1,REVIEW_TP_OR_FP,FP,"The unit is supported, or the semantic error exists but the predicted error type/unit is not correct under the strict guideline."
P0050,gpt_prediction,Id9088,incorrect,[S] Clifton Ko [P] family name [O] Gao ( surname ),[S] Clifton Ko [P] family name [O] Gao ( surname ) || [S] Clifton Ko [P] given name [O] Clifton ( given name ),"Clifton Ko, a male actor, was educated at Kwun Tong Maryknoll College. He was awarded the Medal of Honour in Hong Kong. His surname is Clifton Ko.","[{""subject"": ""Clifton Ko"", ""property"": ""family name"", ""object"": ""Gao ( surname )""}, {""subject"": ""Clifton Ko"", ""property"": ""occupation"", ""object"": ""Actor""}, {""subject"": ""Clifton Ko"", ""property"": ""sex or gender"", ""object"": ""male""}, {""subject"": ""Clifton Ko"", ""property"": ""educated at"", ""object"": ""Kwun Tong Maryknoll College""}, {""subject"": ""Clifton Ko"", ""property"": ""award received"", ""object"": ""Medal of Honour ( Hong Kong )""}, {""subject"": ""Clifton Ko"", ""property"": ""given name"", ""object"": ""Clifton ( given name )""}]",4,1,REVIEW_TP_OR_FP,TP,The predicted unit and error type are supported by the text-data comparison.
P0051,gpt_prediction,Id12041,missing,[S] Tank Carder [P] sex or gender [O] male,[S] Tank Carder [P] sex or gender [O] male,"American football player Tank Carder was born on January 18, 1989 in Sweeny, Texas. He is a US citizen and played for the men's national football team.","[{""subject"": ""Tank Carder"", ""property"": ""occupation"", ""object"": ""American football player""}, {""subject"": ""Tank Carder"", ""property"": ""date of birth"", ""object"": ""18 January 1989""}, {""subject"": ""Tank Carder"", ""property"": ""place of birth"", ""object"": ""Sweeny , Texas""}, {""subject"": ""Tank Carder"", ""property"": ""country of citizenship"", ""object"": ""United States""}, {""subject"": ""Tank Carder"", ""property"": ""sex or gender"", ""object"": ""male""}, {""subject"": ""Tank Carder"", ""property"": ""sport"", ""object"": ""American football""}]",1,1,REVIEW_TP_OR_FP,FP,"The unit is supported, or the semantic error exists but the predicted error type/unit is not correct under the strict guideline."
P0052,gpt_prediction,Id12041,extra,[S] Tank Carder [P] member of [O] men's national football team,played for the men's national football team || [S] Tank Carder [P] club [O] Men's national football team,"American football player Tank Carder was born on January 18, 1989 in Sweeny, Texas. He is a US citizen and played for the men's national football team.","[{""subject"": ""Tank Carder"", ""property"": ""occupation"", ""object"": ""American football player""}, {""subject"": ""Tank Carder"", ""property"": ""date of birth"", ""object"": ""18 January 1989""}, {""subject"": ""Tank Carder"", ""property"": ""place of birth"", ""object"": ""Sweeny , Texas""}, {""subject"": ""Tank Carder"", ""property"": ""country of citizenship"", ""object"": ""United States""}, {""subject"": ""Tank Carder"", ""property"": ""sex or gender"", ""object"": ""male""}, {""subject"": ""Tank Carder"", ""property"": ""sport"", ""object"": ""American football""}]",3,0,REVIEW_TP_OR_FP,TP,The predicted unit and error type are supported by the text-data comparison.
P0053,gpt_prediction,Id8758,incorrect,[S] LMS Royal Scot Class 6100 Royal Scot [P] named after [O] Royal Scots,[S] LMS Royal Scot Class 6100 Royal Scot [P] named after [O] Royal Scots || [S] LMS Royal Scot Class 6100 Royal Scot [P] service retirement [O] 00 October 1962,The LMS Royal Scot Class 6100 Royal Scot is a train from the United Kingdom. It is named after the 1st King's Dragoon Guards. The name is different from the Royal Scot (train) and it retired in 1962. The train is located at the Crewe Heritage Centre.,"[{""subject"": ""LMS Royal Scot Class 6100 Royal Scot"", ""property"": ""service retirement"", ""object"": ""00 October 1962""}, {""subject"": ""LMS Royal Scot Class 6100 Royal Scot"", ""property"": ""country of origin"", ""object"": ""United Kingdom""}, {""subject"": ""LMS Royal Scot Class 6100 Royal Scot"", ""property"": ""location"", ""object"": ""Crewe Heritage Centre""}, {""subject"": ""LMS Royal Scot Class 6100 Royal Scot"", ""property"": ""named after"", ""object"": ""Royal Scots""}, {""subject"": ""LMS Royal Scot Class 6100 Royal Scot"", ""property"": ""different from"", ""object"": ""Royal Scot ( train )""}, {""subject"": ""LMS Royal Scot Class 6100 Royal Scot"", ""property"": ""named after"", ""object"": ""1st King 's Dragoon Guards""}]",4,1,REVIEW_TP_OR_FP,TP,The predicted unit and error type are supported by the text-data comparison.
G0054,unmatched_gold,Id95,incorrect,,[S] Cagayancillo [P] fiscal/tax revenue [O] +29733874.50 Philippine peso,The revenue from Cagayancillo is +29733874.50 Philippine peso.,"[{""subject"": ""Cagayancillo"", ""property"": ""fiscal/tax revenue"", ""object"": ""+29733874.50 Philippine peso""}]",2,0,LIKELY_FN,IGNORE,"Not a genuine error under the guideline, a duplicate/paraphrase, the wrong error type, or already covered by an accepted prediction."
G0055,unmatched_gold,Id17737,extra,,[S] Fraser Sweatman [P] competition [O] 1936 Winter Olympics,"Fraser Sweatman, who competed in figure skating at the 1936 Winter Olympics, competed in pairs with Audrey Garland.","[{""subject"": ""Fraser Sweatman"", ""property"": ""sport"", ""object"": ""Figure skating""}, {""subject"": ""Fraser Sweatman"", ""property"": ""together with"", ""object"": ""Audrey Garland""}]",4,0,LIKELY_FN,FN,"A genuine, previously uncovered error of this type remains."
G0056,unmatched_gold,Id17737,extra,,[S] Audrey Garland [P] position [O] Pair skating (team sport),"Fraser Sweatman, who competed in figure skating at the 1936 Winter Olympics, competed in pairs with Audrey Garland.","[{""subject"": ""Fraser Sweatman"", ""property"": ""sport"", ""object"": ""Figure skating""}, {""subject"": ""Fraser Sweatman"", ""property"": ""together with"", ""object"": ""Audrey Garland""}]",1,2,REVIEW_CONFLICT,IGNORE,"Not a genuine error under the guideline, a duplicate/paraphrase, the wrong error type, or already covered by an accepted prediction."
G0057,unmatched_gold,Id17737,extra,,[S] Figure skating [P] season [O] Winter Olympics,"Fraser Sweatman, who competed in figure skating at the 1936 Winter Olympics, competed in pairs with Audrey Garland.","[{""subject"": ""Fraser Sweatman"", ""property"": ""sport"", ""object"": ""Figure skating""}, {""subject"": ""Fraser Sweatman"", ""property"": ""together with"", ""object"": ""Audrey Garland""}]",3,0,LIKELY_FN,IGNORE,"Not a genuine error under the guideline, a duplicate/paraphrase, the wrong error type, or already covered by an accepted prediction."
G0058,unmatched_gold,Id17737,extra,,[S] Figure skating [P] sport [O] Pair skating,"Fraser Sweatman, who competed in figure skating at the 1936 Winter Olympics, competed in pairs with Audrey Garland.","[{""subject"": ""Fraser Sweatman"", ""property"": ""sport"", ""object"": ""Figure skating""}, {""subject"": ""Fraser Sweatman"", ""property"": ""together with"", ""object"": ""Audrey Garland""}]",3,0,LIKELY_FN,IGNORE,"Not a genuine error under the guideline, a duplicate/paraphrase, the wrong error type, or already covered by an accepted prediction."
G0059,unmatched_gold,Id17737,extra,,the 1936 Winter Olympics,"Fraser Sweatman, who competed in figure skating at the 1936 Winter Olympics, competed in pairs with Audrey Garland.","[{""subject"": ""Fraser Sweatman"", ""property"": ""sport"", ""object"": ""Figure skating""}, {""subject"": ""Fraser Sweatman"", ""property"": ""together with"", ""object"": ""Audrey Garland""}]",1,0,REVIEW_EXTRA_SPAN_FN,IGNORE,"Not a genuine error under the guideline, a duplicate/paraphrase, the wrong error type, or already covered by an accepted prediction."
G0060,unmatched_gold,Id17737,extra,,1936 Winter Olympics,"Fraser Sweatman, who competed in figure skating at the 1936 Winter Olympics, competed in pairs with Audrey Garland.","[{""subject"": ""Fraser Sweatman"", ""property"": ""sport"", ""object"": ""Figure skating""}, {""subject"": ""Fraser Sweatman"", ""property"": ""together with"", ""object"": ""Audrey Garland""}]",1,0,REVIEW_EXTRA_SPAN_FN,IGNORE,"Not a genuine error under the guideline, a duplicate/paraphrase, the wrong error type, or already covered by an accepted prediction."
G0061,unmatched_gold,Id17737,extra,,[S] Audrey Garland [P] occupation [O] Competitor,"Fraser Sweatman, who competed in figure skating at the 1936 Winter Olympics, competed in pairs with Audrey Garland.","[{""subject"": ""Fraser Sweatman"", ""property"": ""sport"", ""object"": ""Figure skating""}, {""subject"": ""Fraser Sweatman"", ""property"": ""together with"", ""object"": ""Audrey Garland""}]",1,0,LIKELY_FN,IGNORE,"Not a genuine error under the guideline, a duplicate/paraphrase, the wrong error type, or already covered by an accepted prediction."
G0062,unmatched_gold,Id17737,extra,,at the 1936,"Fraser Sweatman, who competed in figure skating at the 1936 Winter Olympics, competed in pairs with Audrey Garland.","[{""subject"": ""Fraser Sweatman"", ""property"": ""sport"", ""object"": ""Figure skating""}, {""subject"": ""Fraser Sweatman"", ""property"": ""together with"", ""object"": ""Audrey Garland""}]",1,0,REVIEW_EXTRA_SPAN_FN,IGNORE,"Not a genuine error under the guideline, a duplicate/paraphrase, the wrong error type, or already covered by an accepted prediction."
G0063,unmatched_gold,Id17737,extra,,[S] Fraser Sweatman [P] event [O] 1936 Winter Olympics,"Fraser Sweatman, who competed in figure skating at the 1936 Winter Olympics, competed in pairs with Audrey Garland.","[{""subject"": ""Fraser Sweatman"", ""property"": ""sport"", ""object"": ""Figure skating""}, {""subject"": ""Fraser Sweatman"", ""property"": ""together with"", ""object"": ""Audrey Garland""}]",1,0,LIKELY_FN,IGNORE,"Not a genuine error under the guideline, a duplicate/paraphrase, the wrong error type, or already covered by an accepted prediction."
G0064,unmatched_gold,Id17851,incorrect,,[S] Jacques Godbout [P] point in time [O] 01 January 1962,Jacques Godbout won the Prix France-Québec in 1962.,"[{""subject"": ""Jacques Godbout"", ""property"": ""award received"", ""object"": ""Prix France-Québec""}, {""subject"": ""Jacques Godbout"", ""property"": ""point in time"", ""object"": ""01 January 1962""}]",7,0,LIKELY_FN,FN,"A genuine, previously uncovered error of this type remains."
G0065,unmatched_gold,Id19212,extra,,[S] Victor Kraatz [P] competition [O] 1994 Winter Olympics – Ice dance,Victor Kraatz is a figure skater and competed at the 1994 Winter Olympics in ice dance together with Shae-Lynn Bourne.,"[{""subject"": ""Victor Kraatz"", ""property"": ""sport"", ""object"": ""Figure skating""}, {""subject"": ""Victor Kraatz"", ""property"": ""together with"", ""object"": ""Shae-Lynn Bourne""}]",3,0,LIKELY_FN,FN,"A genuine, previously uncovered error of this type remains."
G0066,unmatched_gold,Id19212,extra,,[S] Victor Kraatz [P] event [O] 1994 Winter Olympics,Victor Kraatz is a figure skater and competed at the 1994 Winter Olympics in ice dance together with Shae-Lynn Bourne.,"[{""subject"": ""Victor Kraatz"", ""property"": ""sport"", ""object"": ""Figure skating""}, {""subject"": ""Victor Kraatz"", ""property"": ""together with"", ""object"": ""Shae-Lynn Bourne""}]",4,0,LIKELY_FN,IGNORE,"Not a genuine error under the guideline, a duplicate/paraphrase, the wrong error type, or already covered by an accepted prediction."
G0067,unmatched_gold,Id19212,extra,,ice dance,Victor Kraatz is a figure skater and competed at the 1994 Winter Olympics in ice dance together with Shae-Lynn Bourne.,"[{""subject"": ""Victor Kraatz"", ""property"": ""sport"", ""object"": ""Figure skating""}, {""subject"": ""Victor Kraatz"", ""property"": ""together with"", ""object"": ""Shae-Lynn Bourne""}]",2,0,REVIEW_EXTRA_SPAN_FN,IGNORE,"Not a genuine error under the guideline, a duplicate/paraphrase, the wrong error type, or already covered by an accepted prediction."
G0068,unmatched_gold,Id19212,extra,,in ice dance,Victor Kraatz is a figure skater and competed at the 1994 Winter Olympics in ice dance together with Shae-Lynn Bourne.,"[{""subject"": ""Victor Kraatz"", ""property"": ""sport"", ""object"": ""Figure skating""}, {""subject"": ""Victor Kraatz"", ""property"": ""together with"", ""object"": ""Shae-Lynn Bourne""}]",1,0,REVIEW_EXTRA_SPAN_FN,IGNORE,"Not a genuine error under the guideline, a duplicate/paraphrase, the wrong error type, or already covered by an accepted prediction."
G0069,unmatched_gold,Id19212,extra,,[S] Victor Kraatz [P] competition [O] 1994 Winter Olympics,Victor Kraatz is a figure skater and competed at the 1994 Winter Olympics in ice dance together with Shae-Lynn Bourne.,"[{""subject"": ""Victor Kraatz"", ""property"": ""sport"", ""object"": ""Figure skating""}, {""subject"": ""Victor Kraatz"", ""property"": ""together with"", ""object"": ""Shae-Lynn Bourne""}]",1,0,LIKELY_FN,IGNORE,"Not a genuine error under the guideline, a duplicate/paraphrase, the wrong error type, or already covered by an accepted prediction."
G0070,unmatched_gold,Id19212,extra,,[S] Shae-Lynn Bourne [P] partner [O] Victor Kraatz,Victor Kraatz is a figure skater and competed at the 1994 Winter Olympics in ice dance together with Shae-Lynn Bourne.,"[{""subject"": ""Victor Kraatz"", ""property"": ""sport"", ""object"": ""Figure skating""}, {""subject"": ""Victor Kraatz"", ""property"": ""together with"", ""object"": ""Shae-Lynn Bourne""}]",1,0,LIKELY_FN,IGNORE,"Not a genuine error under the guideline, a duplicate/paraphrase, the wrong error type, or already covered by an accepted prediction."
G0071,unmatched_gold,Id13976,incorrect,,[S] Human Nature ( 2001 film ) [P] cast member [O] Rosie Perez,Rosie Perez and Robert Forster star in Human Nature which originates from the United States.,"[{""subject"": ""Human Nature ( 2001 film )"", ""property"": ""cast member"", ""object"": ""Rosie Perez""}, {""subject"": ""Human Nature ( 2001 film )"", ""property"": ""country of origin"", ""object"": ""United States""}, {""subject"": ""Human Nature ( 2001 film )"", ""property"": ""cast member"", ""object"": ""Robert Forster""}]",1,2,REVIEW_CONFLICT,IGNORE,"Not a genuine error under the guideline, a duplicate/paraphrase, the wrong error type, or already covered by an accepted prediction."
G0072,unmatched_gold,Id13976,incorrect,,[S] Human Nature ( 2001 film ) [P] cast member [O] Robert Forster,Rosie Perez and Robert Forster star in Human Nature which originates from the United States.,"[{""subject"": ""Human Nature ( 2001 film )"", ""property"": ""cast member"", ""object"": ""Rosie Perez""}, {""subject"": ""Human Nature ( 2001 film )"", ""property"": ""country of origin"", ""object"": ""United States""}, {""subject"": ""Human Nature ( 2001 film )"", ""property"": ""cast member"", ""object"": ""Robert Forster""}]",1,0,LIKELY_FN,IGNORE,"Not a genuine error under the guideline, a duplicate/paraphrase, the wrong error type, or already covered by an accepted prediction."
G0073,unmatched_gold,Id13976,missing,,[S] Human Nature ( 2001 film ) [P] cast member [O] Rosie Perez,Rosie Perez and Robert Forster star in Human Nature which originates from the United States.,"[{""subject"": ""Human Nature ( 2001 film )"", ""property"": ""cast member"", ""object"": ""Rosie Perez""}, {""subject"": ""Human Nature ( 2001 film )"", ""property"": ""country of origin"", ""object"": ""United States""}, {""subject"": ""Human Nature ( 2001 film )"", ""property"": ""cast member"", ""object"": ""Robert Forster""}]",1,0,LIKELY_FN,IGNORE,"Not a genuine error under the guideline, a duplicate/paraphrase, the wrong error type, or already covered by an accepted prediction."
G0074,unmatched_gold,Id13848,incorrect,,[S] Hell Hath No Fury ( film ) [P] distributor [O] NBC,The film Hell Hath No Fury was originally broadcast by NBC and is available in English.,"[{""subject"": ""Hell Hath No Fury ( film )"", ""property"": ""distributor"", ""object"": ""NBC""}, {""subject"": ""Hell Hath No Fury ( film )"", ""property"": ""original network"", ""object"": ""NBC""}, {""subject"": ""Hell Hath No Fury ( film )"", ""property"": ""language of work or name"", ""object"": ""English language""}]",4,1,REVIEW_CONFLICT,FN,"A genuine, previously uncovered error of this type remains."
G0075,unmatched_gold,Id13848,incorrect,,[S] Hell Hath No Fury ( film ) [P] language of work or name [O] English language,The film Hell Hath No Fury was originally broadcast by NBC and is available in English.,"[{""subject"": ""Hell Hath No Fury ( film )"", ""property"": ""distributor"", ""object"": ""NBC""}, {""subject"": ""Hell Hath No Fury ( film )"", ""property"": ""original network"", ""object"": ""NBC""}, {""subject"": ""Hell Hath No Fury ( film )"", ""property"": ""language of work or name"", ""object"": ""English language""}]",1,4,REVIEW_CONFLICT,IGNORE,"Not a genuine error under the guideline, a duplicate/paraphrase, the wrong error type, or already covered by an accepted prediction."
G0076,unmatched_gold,Id13598,extra,,between,"Cider is a main ingredient of Ille-et-Vilaine, it is produced there between 1882 and 1883.","[{""subject"": ""Ille-et-Vilaine"", ""property"": ""production statistics"", ""object"": ""Cider""}, {""subject"": ""Ille-et-Vilaine"", ""property"": ""point in time"", ""object"": ""00  1882""}, {""subject"": ""Ille-et-Vilaine"", ""property"": ""point in time"", ""object"": ""00  1883""}]",2,0,REVIEW_EXTRA_SPAN_FN,IGNORE,"Not a genuine error under the guideline, a duplicate/paraphrase, the wrong error type, or already covered by an accepted prediction."
G0077,unmatched_gold,Id13442,incorrect,,[S] 1924 LFF Lyga [P] sports season of league or competition [O] A Lyga,"1923 LFF Lyga was the predecessor of A Lyga, the league 1924 LFF Lyga played in. The 1925 LFF Lyga was the next season of A Lyga.","[{""subject"": ""1924 LFF Lyga"", ""property"": ""sports season of league or competition"", ""object"": ""A Lyga""}, {""subject"": ""1924 LFF Lyga"", ""property"": ""follows"", ""object"": ""1923 LFF Lyga""}, {""subject"": ""1924 LFF Lyga"", ""property"": ""followed by"", ""object"": ""1925 LFF Lyga""}]",3,3,REVIEW_CONFLICT,IGNORE,"Not a genuine error under the guideline, a duplicate/paraphrase, the wrong error type, or already covered by an accepted prediction."
G0078,unmatched_gold,Id13442,incorrect,,[S] 1924 LFF Lyga [P] follows [O] 1923 LFF Lyga,"1923 LFF Lyga was the predecessor of A Lyga, the league 1924 LFF Lyga played in. The 1925 LFF Lyga was the next season of A Lyga.","[{""subject"": ""1924 LFF Lyga"", ""property"": ""sports season of league or competition"", ""object"": ""A Lyga""}, {""subject"": ""1924 LFF Lyga"", ""property"": ""follows"", ""object"": ""1923 LFF Lyga""}, {""subject"": ""1924 LFF Lyga"", ""property"": ""followed by"", ""object"": ""1925 LFF Lyga""}]",6,1,REVIEW_CONFLICT,IGNORE,"Not a genuine error under the guideline, a duplicate/paraphrase, the wrong error type, or already covered by an accepted prediction."
G0079,unmatched_gold,Id13442,extra,,1923 LFF Lyga was the predecessor of A Lyga,"1923 LFF Lyga was the predecessor of A Lyga, the league 1924 LFF Lyga played in. The 1925 LFF Lyga was the next season of A Lyga.","[{""subject"": ""1924 LFF Lyga"", ""property"": ""sports season of league or competition"", ""object"": ""A Lyga""}, {""subject"": ""1924 LFF Lyga"", ""property"": ""follows"", ""object"": ""1923 LFF Lyga""}, {""subject"": ""1924 LFF Lyga"", ""property"": ""followed by"", ""object"": ""1925 LFF Lyga""}]",1,0,REVIEW_EXTRA_SPAN_FN,FN,"A genuine, previously uncovered error of this type remains."
G0080,unmatched_gold,Id13442,incorrect,,[S] 1924 LFF Lyga [P] followed by [O] 1925 LFF Lyga,"1923 LFF Lyga was the predecessor of A Lyga, the league 1924 LFF Lyga played in. The 1925 LFF Lyga was the next season of A Lyga.","[{""subject"": ""1924 LFF Lyga"", ""property"": ""sports season of league or competition"", ""object"": ""A Lyga""}, {""subject"": ""1924 LFF Lyga"", ""property"": ""follows"", ""object"": ""1923 LFF Lyga""}, {""subject"": ""1924 LFF Lyga"", ""property"": ""followed by"", ""object"": ""1925 LFF Lyga""}]",4,0,LIKELY_FN,IGNORE,"Not a genuine error under the guideline, a duplicate/paraphrase, the wrong error type, or already covered by an accepted prediction."
G0081,unmatched_gold,Id14500,incorrect,,[S] Tronchy [P] located in the administrative territorial entity [O] Arrondissement of Louhans,Tronchy is in the Arrondissement of Louhans and borders Lessard-en-Bresse and Saint-Étienne-en-Bresse.,"[{""subject"": ""Tronchy"", ""property"": ""shares border with"", ""object"": ""Saint-Étienne-en-Bresse""}, {""subject"": ""Tronchy"", ""property"": ""located in the administrative territorial entity"", ""object"": ""Arrondissement of Louhans""}, {""subject"": ""Tronchy"", ""property"": ""shares border with"", ""object"": ""Lessard-en-Bresse""}]",1,5,REVIEW_CONFLICT,IGNORE,"Not a genuine error under the guideline, a duplicate/paraphrase, the wrong error type, or already covered by an accepted prediction."
G0082,unmatched_gold,Id20237,incorrect,,[S] Shut Up and Dance : Mixes [P] language of work or name [O] English language,Shut Up and Dance: Mixes is a remix of Shut Up and Dance by Paula Abdul. The album is written in English and was followed by Spellbound.,"[{""subject"": ""Shut Up and Dance : Mixes"", ""property"": ""genre"", ""object"": ""Remix""}, {""subject"": ""Shut Up and Dance : Mixes"", ""property"": ""language of work or name"", ""object"": ""English language""}, {""subject"": ""Shut Up and Dance : Mixes"", ""property"": ""different from"", ""object"": ""Shut Up and Dance ( duo )""}, {""subject"": ""Shut Up and Dance : Mixes"", ""property"": ""followed by"", ""object"": ""Spellbound ( Paula Abdul album )""}]",1,7,REVIEW_CONFLICT,IGNORE,"Not a genuine error under the guideline, a duplicate/paraphrase, the wrong error type, or already covered by an accepted prediction."
G0083,unmatched_gold,Id20237,incorrect,,[S] Shut Up and Dance : Mixes [P] different from [O] Shut Up and Dance ( duo ),Shut Up and Dance: Mixes is a remix of Shut Up and Dance by Paula Abdul. The album is written in English and was followed by Spellbound.,"[{""subject"": ""Shut Up and Dance : Mixes"", ""property"": ""genre"", ""object"": ""Remix""}, {""subject"": ""Shut Up and Dance : Mixes"", ""property"": ""language of work or name"", ""object"": ""English language""}, {""subject"": ""Shut Up and Dance : Mixes"", ""property"": ""different from"", ""object"": ""Shut Up and Dance ( duo )""}, {""subject"": ""Shut Up and Dance : Mixes"", ""property"": ""followed by"", ""object"": ""Spellbound ( Paula Abdul album )""}]",3,4,REVIEW_CONFLICT,IGNORE,"The text refers to a different work and relation; at least two S/P/O elements are unsupported, so this candidate is Missing rather than Incorrect."
G0084,unmatched_gold,Id20237,incorrect,,[S] Shut Up and Dance : Mixes [P] genre [O] Remix,Shut Up and Dance: Mixes is a remix of Shut Up and Dance by Paula Abdul. The album is written in English and was followed by Spellbound.,"[{""subject"": ""Shut Up and Dance : Mixes"", ""property"": ""genre"", ""object"": ""Remix""}, {""subject"": ""Shut Up and Dance : Mixes"", ""property"": ""language of work or name"", ""object"": ""English language""}, {""subject"": ""Shut Up and Dance : Mixes"", ""property"": ""different from"", ""object"": ""Shut Up and Dance ( duo )""}, {""subject"": ""Shut Up and Dance : Mixes"", ""property"": ""followed by"", ""object"": ""Spellbound ( Paula Abdul album )""}]",1,3,REVIEW_CONFLICT,IGNORE,"Not a genuine error under the guideline, a duplicate/paraphrase, the wrong error type, or already covered by an accepted prediction."
G0085,unmatched_gold,Id20805,extra,,[S] Granny Smith [P] country [O] United States,"The US Apple Association approved Granny Smith, which is the fruit that preceded the Golden Delicious. The Granny Smith is from the United States and the total production of Granny Smith is the criterion used to determine its quality.","[{""subject"": ""Golden Delicious"", ""property"": ""followed by"", ""object"": ""Granny Smith""}, {""subject"": ""Golden Delicious"", ""property"": ""approved by"", ""object"": ""US Apple Association""}, {""subject"": ""Golden Delicious"", ""property"": ""criterion used"", ""object"": ""total produced""}, {""subject"": ""Golden Delicious"", ""property"": ""country"", ""object"": ""United States""}]",2,1,REVIEW_CONFLICT,FN,"A genuine, previously uncovered error of this type remains."
G0086,unmatched_gold,Id20805,missing,,[S] Golden Delicious [P] approved by [O] US Apple Association,"The US Apple Association approved Granny Smith, which is the fruit that preceded the Golden Delicious. The Granny Smith is from the United States and the total production of Granny Smith is the criterion used to determine its quality.","[{""subject"": ""Golden Delicious"", ""property"": ""followed by"", ""object"": ""Granny Smith""}, {""subject"": ""Golden Delicious"", ""property"": ""approved by"", ""object"": ""US Apple Association""}, {""subject"": ""Golden Delicious"", ""property"": ""criterion used"", ""object"": ""total produced""}, {""subject"": ""Golden Delicious"", ""property"": ""country"", ""object"": ""United States""}]",2,0,LIKELY_FN,IGNORE,"Not a genuine error under the guideline, a duplicate/paraphrase, the wrong error type, or already covered by an accepted prediction."
G0087,unmatched_gold,Id20805,missing,,[S] Golden Delicious [P] country [O] United States,"The US Apple Association approved Granny Smith, which is the fruit that preceded the Golden Delicious. The Granny Smith is from the United States and the total production of Granny Smith is the criterion used to determine its quality.","[{""subject"": ""Golden Delicious"", ""property"": ""followed by"", ""object"": ""Granny Smith""}, {""subject"": ""Golden Delicious"", ""property"": ""approved by"", ""object"": ""US Apple Association""}, {""subject"": ""Golden Delicious"", ""property"": ""criterion used"", ""object"": ""total produced""}, {""subject"": ""Golden Delicious"", ""property"": ""country"", ""object"": ""United States""}]",3,0,LIKELY_FN,IGNORE,"Not a genuine error under the guideline, a duplicate/paraphrase, the wrong error type, or already covered by an accepted prediction."
G0088,unmatched_gold,Id20038,incorrect,,[S] Fire on the Water [P] characters [O] Lone Wolf,Berkley Books published Fire on the Water which is written in English. It is part of the series of Lone Wolf (gamebooks).,"[{""subject"": ""Fire on the Water"", ""property"": ""characters"", ""object"": ""Lone Wolf""}, {""subject"": ""Fire on the Water"", ""property"": ""part of the series"", ""object"": ""Lone Wolf ( gamebooks )""}, {""subject"": ""Fire on the Water"", ""property"": ""publisher"", ""object"": ""Berkley Books""}, {""subject"": ""Fire on the Water"", ""property"": ""language of work or name"", ""object"": ""English language""}]",5,3,REVIEW_CONFLICT,FN,"A genuine, previously uncovered error of this type remains."
G0089,unmatched_gold,Id21051,extra,,[S] Road Runner (video game) [P] platform [O] Commodore 64,"The Atari 2600, Amstrad CPC and Commodore 64 are all platforms for the video game called Road Runner. The latter of which uses the joystick as an input device. The game is distributed via ROM cartridge.","[{""subject"": ""Road Runner ( video game )"", ""property"": ""input method"", ""object"": ""Joystick""}, {""subject"": ""Road Runner ( video game )"", ""property"": ""platform"", ""object"": ""Atari 2600""}, {""subject"": ""Road Runner ( video game )"", ""property"": ""distribution format"", ""object"": ""ROM cartridge""}, {""subject"": ""Road Runner ( video game )"", ""property"": ""platform"", ""object"": ""Amstrad CPC""}]",1,0,LIKELY_FN,FN,"A genuine, previously uncovered error of this type remains."
G0090,unmatched_gold,Id21051,extra,,[S] Commodore 64 [P] video game [O] Road Runner (video game),"The Atari 2600, Amstrad CPC and Commodore 64 are all platforms for the video game called Road Runner. The latter of which uses the joystick as an input device. The game is distributed via ROM cartridge.","[{""subject"": ""Road Runner ( video game )"", ""property"": ""input method"", ""object"": ""Joystick""}, {""subject"": ""Road Runner ( video game )"", ""property"": ""platform"", ""object"": ""Atari 2600""}, {""subject"": ""Road Runner ( video game )"", ""property"": ""distribution format"", ""object"": ""ROM cartridge""}, {""subject"": ""Road Runner ( video game )"", ""property"": ""platform"", ""object"": ""Amstrad CPC""}]",2,1,REVIEW_CONFLICT,IGNORE,"Not a genuine error under the guideline, a duplicate/paraphrase, the wrong error type, or already covered by an accepted prediction."
G0091,unmatched_gold,Id21051,extra,,[S] Road Runner ( video game ) [P] platform [O] Commodore 64,"The Atari 2600, Amstrad CPC and Commodore 64 are all platforms for the video game called Road Runner. The latter of which uses the joystick as an input device. The game is distributed via ROM cartridge.","[{""subject"": ""Road Runner ( video game )"", ""property"": ""input method"", ""object"": ""Joystick""}, {""subject"": ""Road Runner ( video game )"", ""property"": ""platform"", ""object"": ""Atari 2600""}, {""subject"": ""Road Runner ( video game )"", ""property"": ""distribution format"", ""object"": ""ROM cartridge""}, {""subject"": ""Road Runner ( video game )"", ""property"": ""platform"", ""object"": ""Amstrad CPC""}]",2,0,LIKELY_FN,IGNORE,"Not a genuine error under the guideline, a duplicate/paraphrase, the wrong error type, or already covered by an accepted prediction."
G0092,unmatched_gold,Id21051,extra,,[S] Road Runner ( video game ) [P] system [O] Commodore 64,"The Atari 2600, Amstrad CPC and Commodore 64 are all platforms for the video game called Road Runner. The latter of which uses the joystick as an input device. The game is distributed via ROM cartridge.","[{""subject"": ""Road Runner ( video game )"", ""property"": ""input method"", ""object"": ""Joystick""}, {""subject"": ""Road Runner ( video game )"", ""property"": ""platform"", ""object"": ""Atari 2600""}, {""subject"": ""Road Runner ( video game )"", ""property"": ""distribution format"", ""object"": ""ROM cartridge""}, {""subject"": ""Road Runner ( video game )"", ""property"": ""platform"", ""object"": ""Amstrad CPC""}]",1,2,REVIEW_CONFLICT,IGNORE,"Not a genuine error under the guideline, a duplicate/paraphrase, the wrong error type, or already covered by an accepted prediction."
G0093,unmatched_gold,Id21051,extra,,Commodore 64,"The Atari 2600, Amstrad CPC and Commodore 64 are all platforms for the video game called Road Runner. The latter of which uses the joystick as an input device. The game is distributed via ROM cartridge.","[{""subject"": ""Road Runner ( video game )"", ""property"": ""input method"", ""object"": ""Joystick""}, {""subject"": ""Road Runner ( video game )"", ""property"": ""platform"", ""object"": ""Atari 2600""}, {""subject"": ""Road Runner ( video game )"", ""property"": ""distribution format"", ""object"": ""ROM cartridge""}, {""subject"": ""Road Runner ( video game )"", ""property"": ""platform"", ""object"": ""Amstrad CPC""}]",1,0,REVIEW_EXTRA_SPAN_FN,IGNORE,"Not a genuine error under the guideline, a duplicate/paraphrase, the wrong error type, or already covered by an accepted prediction."
G0094,unmatched_gold,Id20317,missing,,[S] Helen Hunt [P] point in time [O] 01 January 2012,Helen Hunt was nominated for the Academy Award for Best Supporting Actress at the 85th Academy Awards for the film The Sessions in 2012.,"[{""subject"": ""Helen Hunt"", ""property"": ""nominated for"", ""object"": ""Academy Award for Best Supporting Actress""}, {""subject"": ""Helen Hunt"", ""property"": ""for work"", ""object"": ""The Sessions ( film )""}, {""subject"": ""Helen Hunt"", ""property"": ""point in time"", ""object"": ""01 January 2012""}, {""subject"": ""Helen Hunt"", ""property"": ""statement is subject of"", ""object"": ""85th Academy Awards""}]",1,2,REVIEW_CONFLICT,IGNORE,"Not a genuine error under the guideline, a duplicate/paraphrase, the wrong error type, or already covered by an accepted prediction."
G0095,unmatched_gold,Id14963,extra,,"Seren Gomer, who was born in Swansea","Seren Gomer, who was born in Swansea, was the editor of Henry Charles. He was also the editor of David Davies Evans, Samuel Evans and Joseph Harris.","[{""subject"": ""Seren Gomer"", ""property"": ""editor"", ""object"": ""Samuel Evans""}, {""subject"": ""Seren Gomer"", ""property"": ""place of publication"", ""object"": ""Swansea""}, {""subject"": ""Seren Gomer"", ""property"": ""editor"", ""object"": ""David Davies Evans""}, {""subject"": ""Seren Gomer"", ""property"": ""contributor(s) to the creative work or subject"", ""object"": ""Henry Charles""}, {""subject"": ""Seren Gomer"", ""property"": ""editor"", ""object"": ""Joseph Harris ( Gomer )""}]",1,0,REVIEW_EXTRA_SPAN_FN,FN,"A genuine, previously uncovered error of this type remains."
G0096,unmatched_gold,Id15137,extra,,he was a member of the Hus family,Hus is a member of the Hus family. His wife is Francoise Hus and he was a member of the Hus family. Hus's siblings include Barthélemy Hus-Desforges and Auguste Hus I. Jean-Baptiste Hus is one of his children.,"[{""subject"": ""François Hus"", ""property"": ""sibling"", ""object"": ""Barthélemy Hus-Desforges""}, {""subject"": ""François Hus"", ""property"": ""child"", ""object"": ""Auguste Hus I""}, {""subject"": ""François Hus"", ""property"": ""spouse"", ""object"": ""Françoise Hus""}, {""subject"": ""François Hus"", ""property"": ""child"", ""object"": ""Jean-Baptiste Hus""}, {""subject"": ""François Hus"", ""property"": ""family"", ""object"": ""Hus family""}]",1,0,REVIEW_EXTRA_SPAN_FN,IGNORE,"Not a genuine error under the guideline, a duplicate/paraphrase, the wrong error type, or already covered by an accepted prediction."
G0097,unmatched_gold,Id12489,missing,,[S] Max Frisch [P] award received [O] Heinrich Heine Prize,"Max Frisch, who graduated from ETH Zurich, was nominated for the Neustadt International Prize for Literature. He was also nominated for the Heinrich Heine Prize. He was also awarded the Conrad Ferdinand Meyer Prize. He was also awarded the Honorary Doctor of the Technical University of Berlin.","[{""subject"": ""Max Frisch"", ""property"": ""educated at"", ""object"": ""ETH Zurich""}, {""subject"": ""Max Frisch"", ""property"": ""award received"", ""object"": ""Conrad Ferdinand Meyer Prize""}, {""subject"": ""Max Frisch"", ""property"": ""nominated for"", ""object"": ""Neustadt International Prize for Literature""}, {""subject"": ""Max Frisch"", ""property"": ""award received"", ""object"": ""Heinrich Heine Prize""}, {""subject"": ""Max Frisch"", ""property"": ""award received"", ""object"": ""Honorary doctor of the Technical University of Berlin""}]",1,0,LIKELY_FN,IGNORE,"Not a genuine error under the guideline, a duplicate/paraphrase, the wrong error type, or already covered by an accepted prediction."
G0098,unmatched_gold,Id15698,incorrect,,[S] AKR1 [P] ortholog [O] zdhhc17,The AKR1 protein is found in Saccharomyces cerevisiae S288c. Its ortholog is Zdhhc17 and its strand orientation is reverse. The DHHC-14 ortholog is also found in this yeast.,"[{""subject"": ""AKR1"", ""property"": ""ortholog"", ""object"": ""Zdhhc17""}, {""subject"": ""AKR1"", ""property"": ""found in taxon"", ""object"": ""Saccharomyces cerevisiae S288c""}, {""subject"": ""AKR1"", ""property"": ""ortholog"", ""object"": ""dhhc-14""}, {""subject"": ""AKR1"", ""property"": ""strand orientation"", ""object"": ""reverse strand""}, {""subject"": ""AKR1"", ""property"": ""ortholog"", ""object"": ""zdhhc17""}]",1,0,LIKELY_FN,IGNORE,"Not a genuine error under the guideline, a duplicate/paraphrase, the wrong error type, or already covered by an accepted prediction."
G0099,unmatched_gold,Id15698,missing,,[S] AKR1 [P] ortholog [O] Zdhhc17,The AKR1 protein is found in Saccharomyces cerevisiae S288c. Its ortholog is Zdhhc17 and its strand orientation is reverse. The DHHC-14 ortholog is also found in this yeast.,"[{""subject"": ""AKR1"", ""property"": ""ortholog"", ""object"": ""Zdhhc17""}, {""subject"": ""AKR1"", ""property"": ""found in taxon"", ""object"": ""Saccharomyces cerevisiae S288c""}, {""subject"": ""AKR1"", ""property"": ""ortholog"", ""object"": ""dhhc-14""}, {""subject"": ""AKR1"", ""property"": ""strand orientation"", ""object"": ""reverse strand""}, {""subject"": ""AKR1"", ""property"": ""ortholog"", ""object"": ""zdhhc17""}]",1,1,REVIEW_CONFLICT,IGNORE,"Not a genuine error under the guideline, a duplicate/paraphrase, the wrong error type, or already covered by an accepted prediction."
G0100,unmatched_gold,Id15698,extra,,in this yeast,The AKR1 protein is found in Saccharomyces cerevisiae S288c. Its ortholog is Zdhhc17 and its strand orientation is reverse. The DHHC-14 ortholog is also found in this yeast.,"[{""subject"": ""AKR1"", ""property"": ""ortholog"", ""object"": ""Zdhhc17""}, {""subject"": ""AKR1"", ""property"": ""found in taxon"", ""object"": ""Saccharomyces cerevisiae S288c""}, {""subject"": ""AKR1"", ""property"": ""ortholog"", ""object"": ""dhhc-14""}, {""subject"": ""AKR1"", ""property"": ""strand orientation"", ""object"": ""reverse strand""}, {""subject"": ""AKR1"", ""property"": ""ortholog"", ""object"": ""zdhhc17""}]",1,0,REVIEW_EXTRA_SPAN_FN,IGNORE,"Not a genuine error under the guideline, a duplicate/paraphrase, the wrong error type, or already covered by an accepted prediction."
G0101,unmatched_gold,Id11960,incorrect,,[S] Andreas Güntner [P] country for sport [O] Germany,Andreas Güntner is a defender who plays for SSV Jahn Regensburg II in the 3 . Liga league. Güntner is a German citizen.,"[{""subject"": ""Andreas Güntner"", ""property"": ""country for sport"", ""object"": ""Germany""}, {""subject"": ""Andreas Güntner"", ""property"": ""member of sports team"", ""object"": ""SSV Jahn Regensburg""}, {""subject"": ""Andreas Güntner"", ""property"": ""position played on team / speciality"", ""object"": ""Defender ( association football )""}, {""subject"": ""Andreas Güntner"", ""property"": ""league"", ""object"": ""3 . Liga""}, {""subject"": ""Andreas Güntner"", ""property"": ""member of sports team"", ""object"": ""SSV Jahn Regensburg II""}]",2,1,REVIEW_CONFLICT,FN,"A genuine, previously uncovered error of this type remains."
G0102,unmatched_gold,Id11960,incorrect,,[S] Andreas Güntner [P] member of sports team [O] SSV Jahn Regensburg,Andreas Güntner is a defender who plays for SSV Jahn Regensburg II in the 3 . Liga league. Güntner is a German citizen.,"[{""subject"": ""Andreas Güntner"", ""property"": ""country for sport"", ""object"": ""Germany""}, {""subject"": ""Andreas Güntner"", ""property"": ""member of sports team"", ""object"": ""SSV Jahn Regensburg""}, {""subject"": ""Andreas Güntner"", ""property"": ""position played on team / speciality"", ""object"": ""Defender ( association football )""}, {""subject"": ""Andreas Güntner"", ""property"": ""league"", ""object"": ""3 . Liga""}, {""subject"": ""Andreas Güntner"", ""property"": ""member of sports team"", ""object"": ""SSV Jahn Regensburg II""}]",2,1,REVIEW_CONFLICT,FN,"A genuine, previously uncovered error of this type remains."
G0103,unmatched_gold,Id8498,incorrect,,[S] Magnus Carlsen [P] country for sport [O] Norway,"Magnus Carlsen lives in Madrid, Norway. He played at the World Chess Championship 2016 and the Tata Steel Chess Tournament. He won the Chess Oscar.","[{""subject"": ""Magnus Carlsen"", ""property"": ""residence"", ""object"": ""Madrid""}, {""subject"": ""Magnus Carlsen"", ""property"": ""country for sport"", ""object"": ""Norway""}, {""subject"": ""Magnus Carlsen"", ""property"": ""participant of"", ""object"": ""World Chess Championship 2016""}, {""subject"": ""Magnus Carlsen"", ""property"": ""award received"", ""object"": ""Chess Oscar""}, {""subject"": ""Magnus Carlsen"", ""property"": ""participant of"", ""object"": ""Tata Steel Chess Tournament""}]",2,0,LIKELY_FN,FN,"A genuine, previously uncovered error of this type remains."
G0104,unmatched_gold,Id8498,incorrect,,[S] Magnus Carlsen [P] residence [O] Madrid,"Magnus Carlsen lives in Madrid, Norway. He played at the World Chess Championship 2016 and the Tata Steel Chess Tournament. He won the Chess Oscar.","[{""subject"": ""Magnus Carlsen"", ""property"": ""residence"", ""object"": ""Madrid""}, {""subject"": ""Magnus Carlsen"", ""property"": ""country for sport"", ""object"": ""Norway""}, {""subject"": ""Magnus Carlsen"", ""property"": ""participant of"", ""object"": ""World Chess Championship 2016""}, {""subject"": ""Magnus Carlsen"", ""property"": ""award received"", ""object"": ""Chess Oscar""}, {""subject"": ""Magnus Carlsen"", ""property"": ""participant of"", ""object"": ""Tata Steel Chess Tournament""}]",1,0,LIKELY_FN,IGNORE,"Not a genuine error under the guideline, a duplicate/paraphrase, the wrong error type, or already covered by an accepted prediction."
G0105,unmatched_gold,Id8323,incorrect,,[S] John Britton ( antiquary ) [P] country of citizenship [O] United Kingdom of Great Britain and Ireland,"John Britton was born in Kington St. Michael, Kingdom of Great Britain. He was a member of the Society of Antiquaries of London and was awarded the award of Fellow of the Society of Antiquaries. He was also a member of the United Kingdom of Great Britain and Ireland.","[{""subject"": ""John Britton ( antiquary )"", ""property"": ""sex or gender"", ""object"": ""male""}, {""subject"": ""John Britton ( antiquary )"", ""property"": ""country of citizenship"", ""object"": ""United Kingdom of Great Britain and Ireland""}, {""subject"": ""John Britton ( antiquary )"", ""property"": ""place of birth"", ""object"": ""Kington St Michael""}, {""subject"": ""John Britton ( antiquary )"", ""property"": ""country of citizenship"", ""object"": ""Kingdom of Great Britain""}, {""subject"": ""John Britton ( antiquary )"", ""property"": ""award received"", ""object"": ""Fellow of the Society of Antiquaries""}, {""subject"": ""John Britton ( antiquary )"", ""property"": ""member of"", ""object"": ""Society of Antiquaries of London""}]",1,0,LIKELY_FN,FN,"A genuine, previously uncovered error of this type remains."
G0106,unmatched_gold,Id8323,incorrect,,[S] John Britton ( antiquary ) [P] country of citizenship [O] Kingdom of Great Britain,"John Britton was born in Kington St. Michael, Kingdom of Great Britain. He was a member of the Society of Antiquaries of London and was awarded the award of Fellow of the Society of Antiquaries. He was also a member of the United Kingdom of Great Britain and Ireland.","[{""subject"": ""John Britton ( antiquary )"", ""property"": ""sex or gender"", ""object"": ""male""}, {""subject"": ""John Britton ( antiquary )"", ""property"": ""country of citizenship"", ""object"": ""United Kingdom of Great Britain and Ireland""}, {""subject"": ""John Britton ( antiquary )"", ""property"": ""place of birth"", ""object"": ""Kington St Michael""}, {""subject"": ""John Britton ( antiquary )"", ""property"": ""country of citizenship"", ""object"": ""Kingdom of Great Britain""}, {""subject"": ""John Britton ( antiquary )"", ""property"": ""award received"", ""object"": ""Fellow of the Society of Antiquaries""}, {""subject"": ""John Britton ( antiquary )"", ""property"": ""member of"", ""object"": ""Society of Antiquaries of London""}]",1,0,LIKELY_FN,FN,"A genuine, previously uncovered error of this type remains."
G0107,unmatched_gold,Id8891,missing,,[S] Joyce Redman [P] point in time [O] 01 January 1963,Joyce Redman was nominated for the Academy Award for Best Supporting Actress at the 36th Academy Awards in 1963. She has also won the award at the 38th Academy Awards in 1963 for her work in the film Tom Jones. She also starred in the 1965 British film Othello.,"[{""subject"": ""Joyce Redman"", ""property"": ""nominated for"", ""object"": ""Academy Award for Best Supporting Actress""}, {""subject"": ""Joyce Redman"", ""property"": ""statement is subject of"", ""object"": ""36th Academy Awards""}, {""subject"": ""Joyce Redman"", ""property"": ""statement is subject of"", ""object"": ""38th Academy Awards""}, {""subject"": ""Joyce Redman"", ""property"": ""for work"", ""object"": ""Othello ( 1965 British film )""}, {""subject"": ""Joyce Redman"", ""property"": ""for work"", ""object"": ""Tom Jones ( 1963 film )""}, {""subject"": ""Joyce Redman"", ""property"": ""point in time"", ""object"": ""01 January 1963""}]",1,1,REVIEW_CONFLICT,IGNORE,"Not a genuine error under the guideline, a duplicate/paraphrase, the wrong error type, or already covered by an accepted prediction."
G0108,unmatched_gold,Id11752,incorrect,,[S] Peter Sternad [P] date of birth [O] 01 January 1946,Peter Sternad was born in Villach in 1946. He is an Austrian track and field athlete who competed in the 1976 Summer Olympics in the men's 100 metres.,"[{""subject"": ""Peter Sternad"", ""property"": ""occupation"", ""object"": ""athletics competitor""}, {""subject"": ""Peter Sternad"", ""property"": ""date of birth"", ""object"": ""01 January 1946""}, {""subject"": ""Peter Sternad"", ""property"": ""place of birth"", ""object"": ""Villach""}, {""subject"": ""Peter Sternad"", ""property"": ""country of citizenship"", ""object"": ""Austria""}, {""subject"": ""Peter Sternad"", ""property"": ""sex or gender"", ""object"": ""male""}, {""subject"": ""Peter Sternad"", ""property"": ""participant of"", ""object"": ""1976 Summer Olympics""}]",4,0,LIKELY_FN,FN,"A genuine, previously uncovered error of this type remains."
G0109,unmatched_gold,Id11752,incorrect,,[S] Peter Sternad [P] birth year [O] 1946,Peter Sternad was born in Villach in 1946. He is an Austrian track and field athlete who competed in the 1976 Summer Olympics in the men's 100 metres.,"[{""subject"": ""Peter Sternad"", ""property"": ""occupation"", ""object"": ""athletics competitor""}, {""subject"": ""Peter Sternad"", ""property"": ""date of birth"", ""object"": ""01 January 1946""}, {""subject"": ""Peter Sternad"", ""property"": ""place of birth"", ""object"": ""Villach""}, {""subject"": ""Peter Sternad"", ""property"": ""country of citizenship"", ""object"": ""Austria""}, {""subject"": ""Peter Sternad"", ""property"": ""sex or gender"", ""object"": ""male""}, {""subject"": ""Peter Sternad"", ""property"": ""participant of"", ""object"": ""1976 Summer Olympics""}]",1,0,LIKELY_FN,IGNORE,"Not a genuine error under the guideline, a duplicate/paraphrase, the wrong error type, or already covered by an accepted prediction."
G0110,unmatched_gold,Id11752,incorrect,,[S] Peter Sternad [P] participant of [O] 1976 Summer Olympics,Peter Sternad was born in Villach in 1946. He is an Austrian track and field athlete who competed in the 1976 Summer Olympics in the men's 100 metres.,"[{""subject"": ""Peter Sternad"", ""property"": ""occupation"", ""object"": ""athletics competitor""}, {""subject"": ""Peter Sternad"", ""property"": ""date of birth"", ""object"": ""01 January 1946""}, {""subject"": ""Peter Sternad"", ""property"": ""place of birth"", ""object"": ""Villach""}, {""subject"": ""Peter Sternad"", ""property"": ""country of citizenship"", ""object"": ""Austria""}, {""subject"": ""Peter Sternad"", ""property"": ""sex or gender"", ""object"": ""male""}, {""subject"": ""Peter Sternad"", ""property"": ""participant of"", ""object"": ""1976 Summer Olympics""}]",1,3,REVIEW_CONFLICT,IGNORE,"Not a genuine error under the guideline, a duplicate/paraphrase, the wrong error type, or already covered by an accepted prediction."
G0111,unmatched_gold,Id11752,incorrect,,[S] Peter Sternad [P] occupation [O] athletics competitor,Peter Sternad was born in Villach in 1946. He is an Austrian track and field athlete who competed in the 1976 Summer Olympics in the men's 100 metres.,"[{""subject"": ""Peter Sternad"", ""property"": ""occupation"", ""object"": ""athletics competitor""}, {""subject"": ""Peter Sternad"", ""property"": ""date of birth"", ""object"": ""01 January 1946""}, {""subject"": ""Peter Sternad"", ""property"": ""place of birth"", ""object"": ""Villach""}, {""subject"": ""Peter Sternad"", ""property"": ""country of citizenship"", ""object"": ""Austria""}, {""subject"": ""Peter Sternad"", ""property"": ""sex or gender"", ""object"": ""male""}, {""subject"": ""Peter Sternad"", ""property"": ""participant of"", ""object"": ""1976 Summer Olympics""}]",1,1,REVIEW_CONFLICT,IGNORE,"Not a genuine error under the guideline, a duplicate/paraphrase, the wrong error type, or already covered by an accepted prediction."
G0112,unmatched_gold,Id8758,missing,,[S] LMS Royal Scot Class 6100 Royal Scot [P] named after [O] Royal Scots,The LMS Royal Scot Class 6100 Royal Scot is a train from the United Kingdom. It is named after the 1st King's Dragoon Guards. The name is different from the Royal Scot (train) and it retired in 1962. The train is located at the Crewe Heritage Centre.,"[{""subject"": ""LMS Royal Scot Class 6100 Royal Scot"", ""property"": ""service retirement"", ""object"": ""00 October 1962""}, {""subject"": ""LMS Royal Scot Class 6100 Royal Scot"", ""property"": ""country of origin"", ""object"": ""United Kingdom""}, {""subject"": ""LMS Royal Scot Class 6100 Royal Scot"", ""property"": ""location"", ""object"": ""Crewe Heritage Centre""}, {""subject"": ""LMS Royal Scot Class 6100 Royal Scot"", ""property"": ""named after"", ""object"": ""Royal Scots""}, {""subject"": ""LMS Royal Scot Class 6100 Royal Scot"", ""property"": ""different from"", ""object"": ""Royal Scot ( train )""}, {""subject"": ""LMS Royal Scot Class 6100 Royal Scot"", ""property"": ""named after"", ""object"": ""1st King 's Dragoon Guards""}]",2,1,REVIEW_CONFLICT,IGNORE,"Not a genuine error under the guideline, a duplicate/paraphrase, the wrong error type, or already covered by an accepted prediction."
